MonthYear,CPI,unrate,unrate_men,unrate_women,unrate_16_to_17,unrate_18_to_19,unrate_20_to_24,unrate_25_to_34,unrate_35_to_44,unrate_45_to_54,unrate_55_over,femaDeclarationString,disasterNumber,state,declarationType,incidentType,declarationTitle,ihProgramDeclared,iaProgramDeclared,paProgramDeclared,hmProgramDeclared,tribalRequest,fipsStateCode,declarationRequestNumber,U.S. All Grades All Formulations Retail Gasoline Prices Dollars per Gallon,Energy Related CO2missions (Gigatonnes),Oil Production (Million barrels per day),Natural Gas Production (Billion Cubic Metres),Coal Production (million tons),Electricity Generation (Terawatt-hours),Hydroelectricity consumption in TWh,Nuclear energy consumption in TWh,Installed Solar Capacity (GW),Installed Wind Capacity in GW
01/1994,146.2,7.3,7.9,6.7,21.8,17.2,12.2,7.4,5.9,4.6,5.0,DR-1008-CA,1008,CA,DR,Earthquake,NORTHRIDGE EARTHQUAKE,0,1,1,0,0,6,94003,0.998,1.7249999999999999,66.89,174.64166666666665,366.8333333333333,1076.4166666666667,198.51333333333332,184.79999999999998,0.0,0.24916666666666668
01/1995,150.3,6.2,6.6,5.8,20.4,15.1,9.7,6.6,4.9,3.7,4.3,DR-1044-CA,1044,CA,DR,Severe Storm,"SEVERE WINTER STORMS, FLOODING, LANDSLIDES, MUD FLOWS",0,1,1,0,0,6,95009,1.13,1.7750000000000001,67.85,178.00833333333333,379.75,1114.5833333333333,209.03666666666666,192.90333333333334,0.0,0.29083333333333333
01/1996,154.4,6.3,6.5,6.0,21.2,17.1,11.1,6.2,4.8,4.1,4.0,DR-1098-VA,1098,VA,DR,Flood,"FLOODING, HIGH WINDS, AND WIND DRIVEN RAIN",0,0,1,0,0,51,96032,1.137,1.8083333333333333,69.67,185.83333333333334,385.1666666666667,1149.0833333333333,212.41,199.76,0.0,0.5083333333333333
01/1996,154.4,6.3,6.5,6.0,21.2,17.1,11.1,6.2,4.8,4.1,4.0,DR-1098-VA,1098,VA,DR,Flood,"FLOODING, HIGH WINDS, AND WIND DRIVEN RAIN",0,1,0,0,0,51,96032,1.137,1.8083333333333333,69.67,185.83333333333334,385.1666666666667,1149.0833333333333,212.41,199.76,0.0,0.5083333333333333
01/1996,154.4,6.3,6.5,6.0,21.2,17.1,11.1,6.2,4.8,4.1,4.0,DR-1098-VA,1098,VA,DR,Flood,"FLOODING, HIGH WINDS, AND WIND DRIVEN RAIN",0,1,1,0,0,51,96032,1.137,1.8083333333333333,69.67,185.83333333333334,385.1666666666667,1149.0833333333333,212.41,199.76,0.0,0.5083333333333333
01/1996,154.4,6.3,6.5,6.0,21.2,17.1,11.1,6.2,4.8,4.1,4.0,DR-1097-OH,1097,OH,DR,Flood,SEVERE STORMS AND FLOODING,0,0,1,0,0,39,96029,1.137,1.8083333333333333,69.67,185.83333333333334,385.1666666666667,1149.0833333333333,212.41,199.76,0.0,0.5083333333333333
01/1996,154.4,6.3,6.5,6.0,21.2,17.1,11.1,6.2,4.8,4.1,4.0,DR-1097-OH,1097,OH,DR,Flood,SEVERE STORMS AND FLOODING,0,1,0,0,0,39,96029,1.137,1.8083333333333333,69.67,185.83333333333334,385.1666666666667,1149.0833333333333,212.41,199.76,0.0,0.5083333333333333
01/1996,154.4,6.3,6.5,6.0,21.2,17.1,11.1,6.2,4.8,4.1,4.0,DR-1097-OH,1097,OH,DR,Flood,SEVERE STORMS AND FLOODING,0,1,1,0,0,39,96029,1.137,1.8083333333333333,69.67,185.83333333333334,385.1666666666667,1149.0833333333333,212.41,199.76,0.0,0.5083333333333333
01/1996,154.4,6.3,6.5,6.0,21.2,17.1,11.1,6.2,4.8,4.1,4.0,DR-1096-WV,1096,WV,DR,Flood,FLOODING,0,1,0,0,0,54,96028,1.137,1.8083333333333333,69.67,185.83333333333334,385.1666666666667,1149.0833333333333,212.41,199.76,0.0,0.5083333333333333
01/1996,154.4,6.3,6.5,6.0,21.2,17.1,11.1,6.2,4.8,4.1,4.0,DR-1096-WV,1096,WV,DR,Flood,FLOODING,0,1,1,0,0,54,96028,1.137,1.8083333333333333,69.67,185.83333333333334,385.1666666666667,1149.0833333333333,212.41,199.76,0.0,0.5083333333333333
01/1996,154.4,6.3,6.5,6.0,21.2,17.1,11.1,6.2,4.8,4.1,4.0,DR-1095-NY,1095,NY,DR,Flood,SEVERE STORMS AND FLOODING,0,0,1,0,0,36,96027,1.137,1.8083333333333333,69.67,185.83333333333334,385.1666666666667,1149.0833333333333,212.41,199.76,0.0,0.5083333333333333
01/1996,154.4,6.3,6.5,6.0,21.2,17.1,11.1,6.2,4.8,4.1,4.0,DR-1095-NY,1095,NY,DR,Flood,SEVERE STORMS AND FLOODING,0,1,1,0,0,36,96027,1.137,1.8083333333333333,69.67,185.83333333333334,385.1666666666667,1149.0833333333333,212.41,199.76,0.0,0.5083333333333333
01/1996,154.4,6.3,6.5,6.0,21.2,17.1,11.1,6.2,4.8,4.1,4.0,DR-1094-MD,1094,MD,DR,Flood,SEVERE STORMS AND FLOODING,0,1,0,0,0,24,96022,1.137,1.8083333333333333,69.67,185.83333333333334,385.1666666666667,1149.0833333333333,212.41,199.76,0.0,0.5083333333333333
01/1996,154.4,6.3,6.5,6.0,21.2,17.1,11.1,6.2,4.8,4.1,4.0,DR-1094-MD,1094,MD,DR,Flood,SEVERE STORMS AND FLOODING,0,1,1,0,0,24,96022,1.137,1.8083333333333333,69.67,185.83333333333334,385.1666666666667,1149.0833333333333,212.41,199.76,0.0,0.5083333333333333
01/1996,154.4,6.3,6.5,6.0,21.2,17.1,11.1,6.2,4.8,4.1,4.0,DR-1093-PA,1093,PA,DR,Flood,SEVERE STORMS AND FLOODING,0,1,0,0,0,42,96023,1.137,1.8083333333333333,69.67,185.83333333333334,385.1666666666667,1149.0833333333333,212.41,199.76,0.0,0.5083333333333333
01/1996,154.4,6.3,6.5,6.0,21.2,17.1,11.1,6.2,4.8,4.1,4.0,DR-1093-PA,1093,PA,DR,Flood,SEVERE STORMS AND FLOODING,0,1,1,0,0,42,96023,1.137,1.8083333333333333,69.67,185.83333333333334,385.1666666666667,1149.0833333333333,212.41,199.76,0.0,0.5083333333333333
01/1996,154.4,6.3,6.5,6.0,21.2,17.1,11.1,6.2,4.8,4.1,4.0,DR-1092-CT,1092,CT,DR,Snowstorm,BLIZZARD 0F 96,0,0,1,0,0,9,96026,1.137,1.8083333333333333,69.67,185.83333333333334,385.1666666666667,1149.0833333333333,212.41,199.76,0.0,0.5083333333333333
01/1996,154.4,6.3,6.5,6.0,21.2,17.1,11.1,6.2,4.8,4.1,4.0,DR-1091-RI,1091,RI,DR,Snowstorm,BLIZZARD OF 96 (SEVERE SNOW STORM),0,0,1,0,0,44,96025,1.137,1.8083333333333333,69.67,185.83333333333334,385.1666666666667,1149.0833333333333,212.41,199.76,0.0,0.5083333333333333
01/1996,154.4,6.3,6.5,6.0,21.2,17.1,11.1,6.2,4.8,4.1,4.0,DR-1090-MA,1090,MA,DR,Snowstorm,BLIZZARD OF 96,0,0,1,0,0,25,96024,1.137,1.8083333333333333,69.67,185.83333333333334,385.1666666666667,1149.0833333333333,212.41,199.76,0.0,0.5083333333333333
01/1996,154.4,6.3,6.5,6.0,21.2,17.1,11.1,6.2,4.8,4.1,4.0,DR-1089-KY,1089,KY,DR,Snowstorm,BLIZZARD OF 96,0,0,1,0,0,21,96021,1.137,1.8083333333333333,69.67,185.83333333333334,385.1666666666667,1149.0833333333333,212.41,199.76,0.0,0.5083333333333333
01/1996,154.4,6.3,6.5,6.0,21.2,17.1,11.1,6.2,4.8,4.1,4.0,DR-1088-NJ,1088,NJ,DR,Snowstorm,BLIZZARD OF 96 (SEVERE SNOW STORM),0,0,1,0,0,34,96020,1.137,1.8083333333333333,69.67,185.83333333333334,385.1666666666667,1149.0833333333333,212.41,199.76,0.0,0.5083333333333333
01/1996,154.4,6.3,6.5,6.0,21.2,17.1,11.1,6.2,4.8,4.1,4.0,DR-1087-NC,1087,NC,DR,Snowstorm,BLIZZARD OF 96,0,0,1,0,0,37,96019,1.137,1.8083333333333333,69.67,185.83333333333334,385.1666666666667,1149.0833333333333,212.41,199.76,0.0,0.5083333333333333
01/1996,154.4,6.3,6.5,6.0,21.2,17.1,11.1,6.2,4.8,4.1,4.0,DR-1086-VA,1086,VA,DR,Snowstorm,BLIZZARD OF 96 (SEVERE SNOW STORM),0,0,1,0,0,51,96018,1.137,1.8083333333333333,69.67,185.83333333333334,385.1666666666667,1149.0833333333333,212.41,199.76,0.0,0.5083333333333333
01/1996,154.4,6.3,6.5,6.0,21.2,17.1,11.1,6.2,4.8,4.1,4.0,DR-1085-PA,1085,PA,DR,Snowstorm,BLIZZARD OF 96,0,0,1,0,0,42,96017,1.137,1.8083333333333333,69.67,185.83333333333334,385.1666666666667,1149.0833333333333,212.41,199.76,0.0,0.5083333333333333
01/1996,154.4,6.3,6.5,6.0,21.2,17.1,11.1,6.2,4.8,4.1,4.0,DR-1084-WV,1084,WV,DR,Snowstorm,BLIZZARD OF 96 (SEVERE SNOW STORM),0,0,1,0,0,54,96013,1.137,1.8083333333333333,69.67,185.83333333333334,385.1666666666667,1149.0833333333333,212.41,199.76,0.0,0.5083333333333333
01/1996,154.4,6.3,6.5,6.0,21.2,17.1,11.1,6.2,4.8,4.1,4.0,DR-1083-NY,1083,NY,DR,Snowstorm,BLIZZARD OF 96 (SEVERE SNOW STORM),0,0,1,0,0,36,96014,1.137,1.8083333333333333,69.67,185.83333333333334,385.1666666666667,1149.0833333333333,212.41,199.76,0.0,0.5083333333333333
01/1996,154.4,6.3,6.5,6.0,21.2,17.1,11.1,6.2,4.8,4.1,4.0,DR-1082-DE,1082,DE,DR,Snowstorm,BLIZZARD OF 96 (SEVERE SNOW STORM),0,0,1,0,0,10,96016,1.137,1.8083333333333333,69.67,185.83333333333334,385.1666666666667,1149.0833333333333,212.41,199.76,0.0,0.5083333333333333
01/1996,154.4,6.3,6.5,6.0,21.2,17.1,11.1,6.2,4.8,4.1,4.0,DR-1081-MD,1081,MD,DR,Snowstorm,BLIZZARD OF 96 (SEVERE SNOW STORM),0,0,1,0,0,24,96012,1.137,1.8083333333333333,69.67,185.83333333333334,385.1666666666667,1149.0833333333333,212.41,199.76,0.0,0.5083333333333333
01/1996,154.4,6.3,6.5,6.0,21.2,17.1,11.1,6.2,4.8,4.1,4.0,DR-1080-DC,1080,DC,DR,Severe Storm,BLIZZARD OF 96 (SEVERE SNOW STORM),0,0,1,1,0,11,97036,1.137,1.8083333333333333,69.67,185.83333333333334,385.1666666666667,1149.0833333333333,212.41,199.76,0.0,0.5083333333333333
01/1996,154.4,6.3,6.5,6.0,21.2,17.1,11.1,6.2,4.8,4.1,4.0,DR-1079-WA,1079,WA,DR,Severe Storm,"SEVERE STORMS, HIGH WIND, AND FLOODING",0,1,0,0,0,53,96011,1.137,1.8083333333333333,69.67,185.83333333333334,385.1666666666667,1149.0833333333333,212.41,199.76,0.0,0.5083333333333333
01/1996,154.4,6.3,6.5,6.0,21.2,17.1,11.1,6.2,4.8,4.1,4.0,DR-1079-WA,1079,WA,DR,Severe Storm,"SEVERE STORMS, HIGH WIND, AND FLOODING",0,1,1,0,0,53,96011,1.137,1.8083333333333333,69.67,185.83333333333334,385.1666666666667,1149.0833333333333,212.41,199.76,0.0,0.5083333333333333
01/1996,154.4,6.3,6.5,6.0,21.2,17.1,11.1,6.2,4.8,4.1,4.0,DR-1078-MN,1078,MN,DR,Snowstorm,"HIGH WINDS, FREEZING RAIN, HEAVY SNOWFALL",0,0,1,0,0,27,96010,1.137,1.8083333333333333,69.67,185.83333333333334,385.1666666666667,1149.0833333333333,212.41,199.76,0.0,0.5083333333333333
01/1996,154.4,6.3,6.5,6.0,21.2,17.1,11.1,6.2,4.8,4.1,4.0,DR-1077-NH,1077,NH,DR,Flood,"EXCESSIVE RAINFALL, HIGH WINDS, AND FLOODING",0,0,1,0,0,33,96009,1.137,1.8083333333333333,69.67,185.83333333333334,385.1666666666667,1149.0833333333333,212.41,199.76,0.0,0.5083333333333333
01/1996,154.4,6.3,6.5,6.0,21.2,17.1,11.1,6.2,4.8,4.1,4.0,DR-1075-SD,1075,SD,DR,Snowstorm,SEVERE WINTER STORM,0,0,1,0,0,46,96008,1.137,1.8083333333333333,69.67,185.83333333333334,385.1666666666667,1149.0833333333333,212.41,199.76,0.0,0.5083333333333333
01/1997,159.1,5.9,6.2,5.6,18.5,17.5,10.5,5.6,4.9,3.8,3.4,DR-1160-OR,1160,OR,DR,Severe Storm,"SEVERE WINTER STORMS, LAND AND MUDSLIDES, FLOODING",0,0,1,0,0,41,97035,1.283,1.8416666666666668,71.85,186.08333333333334,385.0833333333333,1176.75,215.78333333333333,198.44000000000003,0.0,0.6333333333333333
01/1997,159.1,5.9,6.2,5.6,18.5,17.5,10.5,5.6,4.9,3.8,3.4,DR-1160-OR,1160,OR,DR,Severe Storm,"SEVERE WINTER STORMS, LAND AND MUDSLIDES, FLOODING",0,1,0,0,0,41,97035,1.283,1.8416666666666668,71.85,186.08333333333334,385.0833333333333,1176.75,215.78333333333333,198.44000000000003,0.0,0.6333333333333333
01/1997,159.1,5.9,6.2,5.6,18.5,17.5,10.5,5.6,4.9,3.8,3.4,DR-1160-OR,1160,OR,DR,Severe Storm,"SEVERE WINTER STORMS, LAND AND MUDSLIDES, FLOODING",0,1,1,0,0,41,97035,1.283,1.8416666666666668,71.85,186.08333333333334,385.0833333333333,1176.75,215.78333333333333,198.44000000000003,0.0,0.6333333333333333
01/1997,159.1,5.9,6.2,5.6,18.5,17.5,10.5,5.6,4.9,3.8,3.4,DR-1159-WA,1159,WA,DR,Severe Storm,"SEVERE WINTER STORMS, LAND & MUDS SLIDES,FLOODING",0,1,1,0,0,53,97032,1.283,1.8416666666666668,71.85,186.08333333333334,385.0833333333333,1176.75,215.78333333333333,198.44000000000003,0.0,0.6333333333333333
01/1997,159.1,5.9,6.2,5.6,18.5,17.5,10.5,5.6,4.9,3.8,3.4,DR-1158-MN,1158,MN,DR,Severe Storm,SEVERE WINTER STORMS,0,0,1,0,0,27,97034,1.283,1.8416666666666668,71.85,186.08333333333334,385.0833333333333,1176.75,215.78333333333333,198.44000000000003,0.0,0.6333333333333333
01/1997,159.1,5.9,6.2,5.6,18.5,17.5,10.5,5.6,4.9,3.8,3.4,DR-1157-ND,1157,ND,DR,Severe Storm,SEVERE WINTER STORMS AND BLIZZARD CONDITIONS,0,0,1,1,0,38,97031,1.283,1.8416666666666668,71.85,186.08333333333334,385.0833333333333,1176.75,215.78333333333333,198.44000000000003,0.0,0.6333333333333333
01/1997,159.1,5.9,6.2,5.6,18.5,17.5,10.5,5.6,4.9,3.8,3.4,DR-1156-SD,1156,SD,DR,Severe Storm,SEVERE WINTER STORMS AND BLIZZARD CONDITIONS,0,0,1,0,0,46,97030,1.283,1.8416666666666668,71.85,186.08333333333334,385.0833333333333,1176.75,215.78333333333333,198.44000000000003,0.0,0.6333333333333333
01/1997,159.1,5.9,6.2,5.6,18.5,17.5,10.5,5.6,4.9,3.8,3.4,DR-1155-CA,1155,CA,DR,Severe Storm,"SEVERE STORMS, FLOODING, MUD AND LANDSLIDES",0,1,1,0,0,6,97029,1.283,1.8416666666666668,71.85,186.08333333333334,385.0833333333333,1176.75,215.78333333333333,198.44000000000003,0.0,0.6333333333333333
01/1997,159.1,5.9,6.2,5.6,18.5,17.5,10.5,5.6,4.9,3.8,3.4,DR-1155-CA,1155,CA,DR,Severe Storm,"SEVERE STORMS, FLOODING, MUD AND LANDSLIDES",0,1,1,1,0,6,97029,1.283,1.8416666666666668,71.85,186.08333333333334,385.0833333333333,1176.75,215.78333333333333,198.44000000000003,0.0,0.6333333333333333
01/1997,159.1,5.9,6.2,5.6,18.5,17.5,10.5,5.6,4.9,3.8,3.4,DR-1154-ID,1154,ID,DR,Severe Storm,"SEVERE STORMS, FLOODING, MUD AND LANDSLIDES",0,0,1,0,0,16,97028,1.283,1.8416666666666668,71.85,186.08333333333334,385.0833333333333,1176.75,215.78333333333333,198.44000000000003,0.0,0.6333333333333333
01/1997,159.1,5.9,6.2,5.6,18.5,17.5,10.5,5.6,4.9,3.8,3.4,DR-1154-ID,1154,ID,DR,Severe Storm,"SEVERE STORMS, FLOODING, MUD AND LANDSLIDES",0,1,1,0,0,16,97028,1.283,1.8416666666666668,71.85,186.08333333333334,385.0833333333333,1176.75,215.78333333333333,198.44000000000003,0.0,0.6333333333333333
01/1997,159.1,5.9,6.2,5.6,18.5,17.5,10.5,5.6,4.9,3.8,3.4,DR-1153-NV,1153,NV,DR,Severe Storm,"SEVERE STORMS, FLOODING, MUD AND LANDSLIDES",0,1,1,0,0,32,97027,1.283,1.8416666666666668,71.85,186.08333333333334,385.0833333333333,1176.75,215.78333333333333,198.44000000000003,0.0,0.6333333333333333
01/1997,159.1,5.9,6.2,5.6,18.5,17.5,10.5,5.6,4.9,3.8,3.4,DR-1152-WA,1152,WA,DR,Severe Ice Storm,SEVERE ICE STORM,0,0,1,0,0,53,97026,1.283,1.8416666666666668,71.85,186.08333333333334,385.0833333333333,1176.75,215.78333333333333,198.44000000000003,0.0,0.6333333333333333
01/1997,159.1,5.9,6.2,5.6,18.5,17.5,10.5,5.6,4.9,3.8,3.4,DR-1151-MN,1151,MN,DR,Severe Storm,SEVERE ICE STORM,0,0,1,0,0,27,97025,1.283,1.8416666666666668,71.85,186.08333333333334,385.0833333333333,1176.75,215.78333333333333,198.44000000000003,0.0,0.6333333333333333
01/1998,161.6,5.2,5.3,5.0,18.0,12.7,10.0,4.8,4.3,3.3,3.0,DR-1202-NM,1202,NM,DR,Severe Storm,SEVERE WINTER STORM,0,0,1,0,0,35,98015,1.132,1.8583333333333334,73.28,190.34166666666667,380.75,1208.5833333333333,218.38666666666666,201.85,0.0,0.85
01/1998,161.6,5.2,5.3,5.0,18.0,12.7,10.0,4.8,4.3,3.3,3.0,DR-1201-VT,1201,VT,DR,Severe Storm,"SEVERE ICE STORMS, RAIN, HIGH WINDS AND FLOODING",0,1,1,0,0,50,98014,1.132,1.8583333333333334,73.28,190.34166666666667,380.75,1208.5833333333333,218.38666666666666,201.85,0.0,0.85
01/1998,161.6,5.2,5.3,5.0,18.0,12.7,10.0,4.8,4.3,3.3,3.0,DR-1200-NC,1200,NC,DR,Severe Storm,SEVERE STORMS AND FLOODING,0,0,1,0,0,37,98012,1.132,1.8583333333333334,73.28,190.34166666666667,380.75,1208.5833333333333,218.38666666666666,201.85,0.0,0.85
01/1998,161.6,5.2,5.3,5.0,18.0,12.7,10.0,4.8,4.3,3.3,3.0,DR-1200-NC,1200,NC,DR,Severe Storm,SEVERE STORMS AND FLOODING,0,1,1,0,0,37,98012,1.132,1.8583333333333334,73.28,190.34166666666667,380.75,1208.5833333333333,218.38666666666666,201.85,0.0,0.85
01/1998,161.6,5.2,5.3,5.0,18.0,12.7,10.0,4.8,4.3,3.3,3.0,DR-1199-NH,1199,NH,DR,Severe Storm,"SEVERE ICE STORM, RAINS AND HIGH WINDS",0,1,1,0,0,33,98013,1.132,1.8583333333333334,73.28,190.34166666666667,380.75,1208.5833333333333,218.38666666666666,201.85,0.0,0.85
01/1998,161.6,5.2,5.3,5.0,18.0,12.7,10.0,4.8,4.3,3.3,3.0,DR-1198-ME,1198,ME,DR,Severe Storm,"SEVERE ICE STORMS, RAINS AND HIGH WINDS",0,1,1,0,0,23,98011,1.132,1.8583333333333334,73.28,190.34166666666667,380.75,1208.5833333333333,218.38666666666666,201.85,0.0,0.85
01/1998,161.6,5.2,5.3,5.0,18.0,12.7,10.0,4.8,4.3,3.3,3.0,DR-1197-TN,1197,TN,DR,Severe Storm,SEVERE STORMS AND FLOODING,0,0,1,0,0,47,98010,1.132,1.8583333333333334,73.28,190.34166666666667,380.75,1208.5833333333333,218.38666666666666,201.85,0.0,0.85
01/1998,161.6,5.2,5.3,5.0,18.0,12.7,10.0,4.8,4.3,3.3,3.0,DR-1197-TN,1197,TN,DR,Severe Storm,SEVERE STORMS AND FLOODING,0,1,1,0,0,47,98010,1.132,1.8583333333333334,73.28,190.34166666666667,380.75,1208.5833333333333,218.38666666666666,201.85,0.0,0.85
01/1998,161.6,5.2,5.3,5.0,18.0,12.7,10.0,4.8,4.3,3.3,3.0,DR-1196-NY,1196,NY,DR,Snowstorm,SEVERE STORMS AND FLOODING,0,1,0,0,0,36,98009,1.132,1.8583333333333334,73.28,190.34166666666667,380.75,1208.5833333333333,218.38666666666666,201.85,0.0,0.85
01/1998,161.6,5.2,5.3,5.0,18.0,12.7,10.0,4.8,4.3,3.3,3.0,DR-1196-NY,1196,NY,DR,Snowstorm,SEVERE STORMS AND FLOODING,0,1,1,0,0,36,98009,1.132,1.8583333333333334,73.28,190.34166666666667,380.75,1208.5833333333333,218.38666666666666,201.85,0.0,0.85
01/1998,161.6,5.2,5.3,5.0,18.0,12.7,10.0,4.8,4.3,3.3,3.0,DR-1195-FL,1195,FL,DR,Severe Storm,"SEVERE STORMS, HIGH WINDS, TORNADOES, AND FLOODING",0,0,1,0,0,12,98227,1.132,1.8583333333333334,73.28,190.34166666666667,380.75,1208.5833333333333,218.38666666666666,201.85,0.0,0.85
01/1998,161.6,5.2,5.3,5.0,18.0,12.7,10.0,4.8,4.3,3.3,3.0,DR-1195-FL,1195,FL,DR,Severe Storm,"SEVERE STORMS, HIGH WINDS, TORNADOES, AND FLOODING",0,1,0,0,0,12,98227,1.132,1.8583333333333334,73.28,190.34166666666667,380.75,1208.5833333333333,218.38666666666666,201.85,0.0,0.85
01/1998,161.6,5.2,5.3,5.0,18.0,12.7,10.0,4.8,4.3,3.3,3.0,DR-1195-FL,1195,FL,DR,Severe Storm,"SEVERE STORMS, HIGH WINDS, TORNADOES, AND FLOODING",0,1,1,0,0,12,98227,1.132,1.8583333333333334,73.28,190.34166666666667,380.75,1208.5833333333333,218.38666666666666,201.85,0.0,0.85
01/1999,164.3,4.8,4.9,4.6,19.3,14.2,7.9,4.6,3.5,3.1,3.2,EM-3137-MI,3137,MI,EM,Snowstorm,MI - SEVERE WEATHER 1/2 /99,0,0,1,0,0,26,99011,0.98,1.8666666666666665,71.83,194.9416666666667,374.9166666666667,1243.1666666666667,220.0,209.51333333333332,0.0,1.1333333333333333
01/1999,164.3,4.8,4.9,4.6,19.3,14.2,7.9,4.6,3.5,3.1,3.2,EM-3136-NY,3136,NY,EM,Snowstorm,SNOW,0,0,1,0,0,36,99006,0.98,1.8666666666666665,71.83,194.9416666666667,374.9166666666667,1243.1666666666667,220.0,209.51333333333332,0.0,1.1333333333333333
01/1999,164.3,4.8,4.9,4.6,19.3,14.2,7.9,4.6,3.5,3.1,3.2,EM-3135-IN,3135,IN,EM,Snowstorm,IN-WINTER STORM 12/23/98,0,0,1,0,0,18,99007,0.98,1.8666666666666665,71.83,194.9416666666667,374.9166666666667,1243.1666666666667,220.0,209.51333333333332,0.0,1.1333333333333333
01/1999,164.3,4.8,4.9,4.6,19.3,14.2,7.9,4.6,3.5,3.1,3.2,EM-3134-IL,3134,IL,EM,Snowstorm,IL-WINTER STORM  1/1/99,0,0,1,0,0,17,99001,0.98,1.8666666666666665,71.83,194.9416666666667,374.9166666666667,1243.1666666666667,220.0,209.51333333333332,0.0,1.1333333333333333
01/1999,164.3,4.8,4.9,4.6,19.3,14.2,7.9,4.6,3.5,3.1,3.2,DR-1266-AR,1266,AR,DR,Severe Storm,AR SEVERE WEATHER 1-21-99,0,0,1,0,0,5,99010,0.98,1.8666666666666665,71.83,194.9416666666667,374.9166666666667,1243.1666666666667,220.0,209.51333333333332,0.0,1.1333333333333333
01/1999,164.3,4.8,4.9,4.6,19.3,14.2,7.9,4.6,3.5,3.1,3.2,DR-1266-AR,1266,AR,DR,Severe Storm,AR SEVERE WEATHER 1-21-99,0,1,0,0,0,5,99010,0.98,1.8666666666666665,71.83,194.9416666666667,374.9166666666667,1243.1666666666667,220.0,209.51333333333332,0.0,1.1333333333333333
01/1999,164.3,4.8,4.9,4.6,19.3,14.2,7.9,4.6,3.5,3.1,3.2,DR-1266-AR,1266,AR,DR,Severe Storm,AR SEVERE WEATHER 1-21-99,0,1,0,1,0,5,99010,0.98,1.8666666666666665,71.83,194.9416666666667,374.9166666666667,1243.1666666666667,220.0,209.51333333333332,0.0,1.1333333333333333
01/1999,164.3,4.8,4.9,4.6,19.3,14.2,7.9,4.6,3.5,3.1,3.2,DR-1266-AR,1266,AR,DR,Severe Storm,AR SEVERE WEATHER 1-21-99,0,1,1,0,0,5,99010,0.98,1.8666666666666665,71.83,194.9416666666667,374.9166666666667,1243.1666666666667,220.0,209.51333333333332,0.0,1.1333333333333333
01/1999,164.3,4.8,4.9,4.6,19.3,14.2,7.9,4.6,3.5,3.1,3.2,DR-1266-AR,1266,AR,DR,Severe Storm,AR SEVERE WEATHER 1-21-99,0,1,1,1,0,5,99010,0.98,1.8666666666666665,71.83,194.9416666666667,374.9166666666667,1243.1666666666667,220.0,209.51333333333332,0.0,1.1333333333333333
01/1999,164.3,4.8,4.9,4.6,19.3,14.2,7.9,4.6,3.5,3.1,3.2,DR-1265-MS,1265,MS,DR,Severe Ice Storm,"SEVERE WINTER STORMS, ICE AND FREEZING RAIN",0,0,1,0,0,28,99008,0.98,1.8666666666666665,71.83,194.9416666666667,374.9166666666667,1243.1666666666667,220.0,209.51333333333332,0.0,1.1333333333333333
01/1999,164.3,4.8,4.9,4.6,19.3,14.2,7.9,4.6,3.5,3.1,3.2,DR-1265-MS,1265,MS,DR,Severe Ice Storm,"SEVERE WINTER STORMS, ICE AND FREEZING RAIN",0,0,1,1,0,28,99008,0.98,1.8666666666666665,71.83,194.9416666666667,374.9166666666667,1243.1666666666667,220.0,209.51333333333332,0.0,1.1333333333333333
01/1999,164.3,4.8,4.9,4.6,19.3,14.2,7.9,4.6,3.5,3.1,3.2,DR-1264-LA,1264,LA,DR,Severe Storm,SEVERE ICE STORM,0,0,1,1,0,22,99002,0.98,1.8666666666666665,71.83,194.9416666666667,374.9166666666667,1243.1666666666667,220.0,209.51333333333332,0.0,1.1333333333333333
01/1999,164.3,4.8,4.9,4.6,19.3,14.2,7.9,4.6,3.5,3.1,3.2,DR-1263-ME,1263,ME,DR,Severe Storm,ME - FLOODING 10/16/98,0,0,1,1,0,23,99009,0.98,1.8666666666666665,71.83,194.9416666666667,374.9166666666667,1243.1666666666667,220.0,209.51333333333332,0.0,1.1333333333333333
01/1999,164.3,4.8,4.9,4.6,19.3,14.2,7.9,4.6,3.5,3.1,3.2,DR-1262-TN,1262,TN,DR,Severe Storm,"SEVERE STORMS, TORNADOES AND HIGH WINDS",0,0,1,0,0,47,99005,0.98,1.8666666666666665,71.83,194.9416666666667,374.9166666666667,1243.1666666666667,220.0,209.51333333333332,0.0,1.1333333333333333
01/1999,164.3,4.8,4.9,4.6,19.3,14.2,7.9,4.6,3.5,3.1,3.2,DR-1262-TN,1262,TN,DR,Severe Storm,"SEVERE STORMS, TORNADOES AND HIGH WINDS",0,1,0,0,0,47,99005,0.98,1.8666666666666665,71.83,194.9416666666667,374.9166666666667,1243.1666666666667,220.0,209.51333333333332,0.0,1.1333333333333333
01/1999,164.3,4.8,4.9,4.6,19.3,14.2,7.9,4.6,3.5,3.1,3.2,DR-1262-TN,1262,TN,DR,Severe Storm,"SEVERE STORMS, TORNADOES AND HIGH WINDS",0,1,1,0,0,47,99005,0.98,1.8666666666666665,71.83,194.9416666666667,374.9166666666667,1243.1666666666667,220.0,209.51333333333332,0.0,1.1333333333333333
01/1999,164.3,4.8,4.9,4.6,19.3,14.2,7.9,4.6,3.5,3.1,3.2,DR-1262-TN,1262,TN,DR,Severe Storm,"SEVERE STORMS, TORNADOES AND HIGH WINDS",0,1,1,1,0,47,99005,0.98,1.8666666666666665,71.83,194.9416666666667,374.9166666666667,1243.1666666666667,220.0,209.51333333333332,0.0,1.1333333333333333
01/1999,164.3,4.8,4.9,4.6,19.3,14.2,7.9,4.6,3.5,3.1,3.2,DR-1261-AL,1261,AL,DR,Severe Storm,RIV-SEVERE WINTER WX 12/23/98,0,0,1,0,0,1,99004,0.98,1.8666666666666665,71.83,194.9416666666667,374.9166666666667,1243.1666666666667,220.0,209.51333333333332,0.0,1.1333333333333333
01/1999,164.3,4.8,4.9,4.6,19.3,14.2,7.9,4.6,3.5,3.1,3.2,DR-1261-AL,1261,AL,DR,Severe Storm,RIV-SEVERE WINTER WX 12/23/98,0,0,1,1,0,1,99004,0.98,1.8666666666666665,71.83,194.9416666666667,374.9166666666667,1243.1666666666667,220.0,209.51333333333332,0.0,1.1333333333333333
01/1999,164.3,4.8,4.9,4.6,19.3,14.2,7.9,4.6,3.5,3.1,3.2,DR-1260-TN,1260,TN,DR,Severe Storm,SEVERE WINTER STORM,0,0,1,1,0,47,99003,0.98,1.8666666666666665,71.83,194.9416666666667,374.9166666666667,1243.1666666666667,220.0,209.51333333333332,0.0,1.1333333333333333
01/2000,168.8,4.5,4.6,4.3,15.0,12.5,8.2,4.1,3.4,3.1,3.0,FM-2356-NV,2356,NV,FM,Fire,NV - SPRING CREEK FIRE - 1999,0,0,1,0,0,32,99150,1.329,1.925,74.48,201.8166666666667,386.5,1296.3333333333333,226.1966666666667,214.5,0.10833333333333334,1.4166666666666667
01/2000,168.8,4.5,4.6,4.3,15.0,12.5,8.2,4.1,3.4,3.1,3.0,FM-2291-TX,2291,TX,FM,Fire,BOB'S TRAIL FIRE,0,0,1,0,0,48,5,1.329,1.925,74.48,201.8166666666667,386.5,1296.3333333333333,226.1966666666667,214.5,0.10833333333333334,1.4166666666666667
01/2000,168.8,4.5,4.6,4.3,15.0,12.5,8.2,4.1,3.4,3.1,3.0,FM-2290-TX,2290,TX,FM,Fire,PURGATORY FIRE,0,0,1,0,0,48,4,1.329,1.925,74.48,201.8166666666667,386.5,1296.3333333333333,226.1966666666667,214.5,0.10833333333333334,1.4166666666666667
01/2000,168.8,4.5,4.6,4.3,15.0,12.5,8.2,4.1,3.4,3.1,3.0,FM-2289-TX,2289,TX,FM,Fire,SADDLEBACK FIRE,0,0,1,0,0,48,3,1.329,1.925,74.48,201.8166666666667,386.5,1296.3333333333333,226.1966666666667,214.5,0.10833333333333334,1.4166666666666667
01/2000,168.8,4.5,4.6,4.3,15.0,12.5,8.2,4.1,3.4,3.1,3.0,DR-1313-SC,1313,SC,DR,Severe Storm,SEVERE WINTER STORM,0,0,1,0,0,45,12,1.329,1.925,74.48,201.8166666666667,386.5,1296.3333333333333,226.1966666666667,214.5,0.10833333333333334,1.4166666666666667
01/2000,168.8,4.5,4.6,4.3,15.0,12.5,8.2,4.1,3.4,3.1,3.0,DR-1313-SC,1313,SC,DR,Severe Storm,SEVERE WINTER STORM,0,0,1,1,0,45,12,1.329,1.925,74.48,201.8166666666667,386.5,1296.3333333333333,226.1966666666667,214.5,0.10833333333333334,1.4166666666666667
01/2000,168.8,4.5,4.6,4.3,15.0,12.5,8.2,4.1,3.4,3.1,3.0,DR-1312-NC,1312,NC,DR,Severe Storm,SEVERE WINTER STORM,0,0,1,1,0,37,11,1.329,1.925,74.48,201.8166666666667,386.5,1296.3333333333333,226.1966666666667,214.5,0.10833333333333334,1.4166666666666667
01/2000,168.8,4.5,4.6,4.3,15.0,12.5,8.2,4.1,3.4,3.1,3.0,DR-1311-GA,1311,GA,DR,Severe Storm,SEVERE WINTER STORM,0,0,1,1,0,13,10,1.329,1.925,74.48,201.8166666666667,386.5,1296.3333333333333,226.1966666666667,214.5,0.10833333333333334,1.4166666666666667
01/2000,168.8,4.5,4.6,4.3,15.0,12.5,8.2,4.1,3.4,3.1,3.0,DR-1310-KY,1310,KY,DR,Tornado,"TORNADOES, SEVERE STORMS, TORRENTIAL RAINS, AND FLASH FLOODING",0,0,1,0,0,21,7,1.329,1.925,74.48,201.8166666666667,386.5,1296.3333333333333,226.1966666666667,214.5,0.10833333333333334,1.4166666666666667
01/2000,168.8,4.5,4.6,4.3,15.0,12.5,8.2,4.1,3.4,3.1,3.0,DR-1310-KY,1310,KY,DR,Tornado,"TORNADOES, SEVERE STORMS, TORRENTIAL RAINS, AND FLASH FLOODING",0,1,0,0,0,21,7,1.329,1.925,74.48,201.8166666666667,386.5,1296.3333333333333,226.1966666666667,214.5,0.10833333333333334,1.4166666666666667
01/2000,168.8,4.5,4.6,4.3,15.0,12.5,8.2,4.1,3.4,3.1,3.0,DR-1310-KY,1310,KY,DR,Tornado,"TORNADOES, SEVERE STORMS, TORRENTIAL RAINS, AND FLASH FLOODING",0,1,1,1,0,21,7,1.329,1.925,74.48,201.8166666666667,386.5,1296.3333333333333,226.1966666666667,214.5,0.10833333333333334,1.4166666666666667
01/2001,175.1,4.7,5.0,4.3,18.1,12.4,8.0,4.7,3.5,3.1,3.1,EM-3163-WI,3163,WI,EM,Snowstorm,SNOW,0,0,1,0,0,55,1008,1.487,1.9583333333333333,74.49,206.4333333333333,405.0,1315.75,217.98333333333335,220.44000000000003,0.13333333333333333,2.0
01/2001,175.1,4.7,5.0,4.3,18.1,12.4,8.0,4.7,3.5,3.1,3.1,EM-3162-IN,3162,IN,EM,Snowstorm,SNOW,0,0,1,0,0,18,1007,1.487,1.9583333333333333,74.49,206.4333333333333,405.0,1315.75,217.98333333333335,220.44000000000003,0.13333333333333333,2.0
01/2001,175.1,4.7,5.0,4.3,18.1,12.4,8.0,4.7,3.5,3.1,3.1,EM-3161-IL,3161,IL,EM,Snowstorm,ILLINOIS WINTER SNOW STORMS,0,0,1,0,0,17,1003,1.487,1.9583333333333333,74.49,206.4333333333333,405.0,1315.75,217.98333333333335,220.44000000000003,0.13333333333333333,2.0
01/2001,175.1,4.7,5.0,4.3,18.1,12.4,8.0,4.7,3.5,3.1,3.1,EM-3160-MI,3160,MI,EM,Snowstorm,SNOW,0,0,1,0,0,26,178,1.487,1.9583333333333333,74.49,206.4333333333333,405.0,1315.75,217.98333333333335,220.44000000000003,0.13333333333333333,2.0
01/2001,175.1,4.7,5.0,4.3,18.1,12.4,8.0,4.7,3.5,3.1,3.1,FM-2352-TX,2352,TX,FM,Fire,TX - AMHURST STREET FIRE - 09/04/00,0,0,1,0,0,48,130,1.487,1.9583333333333333,74.49,206.4333333333333,405.0,1315.75,217.98333333333335,220.44000000000003,0.13333333333333333,2.0
01/2001,175.1,4.7,5.0,4.3,18.1,12.4,8.0,4.7,3.5,3.1,3.1,FM-2351-TX,2351,TX,FM,Fire,TX - ALSBURY FIRE - 08/29/00,0,0,1,0,0,48,112,1.487,1.9583333333333333,74.49,206.4333333333333,405.0,1315.75,217.98333333333335,220.44000000000003,0.13333333333333333,2.0
01/2001,175.1,4.7,5.0,4.3,18.1,12.4,8.0,4.7,3.5,3.1,3.1,DR-1358-VT,1358,VT,DR,Severe Storm,SEVERE STORMS AND FLOODING,0,0,1,1,0,50,1005,1.487,1.9583333333333333,74.49,206.4333333333333,405.0,1315.75,217.98333333333335,220.44000000000003,0.13333333333333333,2.0
01/2001,175.1,4.7,5.0,4.3,18.1,12.4,8.0,4.7,3.5,3.1,3.1,DR-1357-LA,1357,LA,DR,Severe Ice Storm,SEVERE WINTER ICE STORM,0,0,1,1,0,22,1004,1.487,1.9583333333333333,74.49,206.4333333333333,405.0,1315.75,217.98333333333335,220.44000000000003,0.13333333333333333,2.0
01/2001,175.1,4.7,5.0,4.3,18.1,12.4,8.0,4.7,3.5,3.1,3.1,DR-1356-TX,1356,TX,DR,Severe Ice Storm,SEVERE WINTER ICE STORM,0,0,1,0,0,48,1002,1.487,1.9583333333333333,74.49,206.4333333333333,405.0,1315.75,217.98333333333335,220.44000000000003,0.13333333333333333,2.0
01/2001,175.1,4.7,5.0,4.3,18.1,12.4,8.0,4.7,3.5,3.1,3.1,DR-1356-TX,1356,TX,DR,Severe Ice Storm,SEVERE WINTER ICE STORM,0,0,1,1,0,48,1002,1.487,1.9583333333333333,74.49,206.4333333333333,405.0,1315.75,217.98333333333335,220.44000000000003,0.13333333333333333,2.0
01/2001,175.1,4.7,5.0,4.3,18.1,12.4,8.0,4.7,3.5,3.1,3.1,DR-1356-TX,1356,TX,DR,Severe Ice Storm,SEVERE WINTER ICE STORM,0,1,1,1,0,48,1002,1.487,1.9583333333333333,74.49,206.4333333333333,405.0,1315.75,217.98333333333335,220.44000000000003,0.13333333333333333,2.0
01/2001,175.1,4.7,5.0,4.3,18.1,12.4,8.0,4.7,3.5,3.1,3.1,DR-1355-OK,1355,OK,DR,Severe Ice Storm,SEVERE WINTER ICE STORM,0,0,1,0,0,40,1001,1.487,1.9583333333333333,74.49,206.4333333333333,405.0,1315.75,217.98333333333335,220.44000000000003,0.13333333333333333,2.0
01/2001,175.1,4.7,5.0,4.3,18.1,12.4,8.0,4.7,3.5,3.1,3.1,DR-1355-OK,1355,OK,DR,Severe Ice Storm,SEVERE WINTER ICE STORM,0,1,0,0,0,40,1001,1.487,1.9583333333333333,74.49,206.4333333333333,405.0,1315.75,217.98333333333335,220.44000000000003,0.13333333333333333,2.0
01/2001,175.1,4.7,5.0,4.3,18.1,12.4,8.0,4.7,3.5,3.1,3.1,DR-1355-OK,1355,OK,DR,Severe Ice Storm,SEVERE WINTER ICE STORM,0,1,1,0,0,40,1001,1.487,1.9583333333333333,74.49,206.4333333333333,405.0,1315.75,217.98333333333335,220.44000000000003,0.13333333333333333,2.0
01/2002,177.1,6.3,6.8,5.7,18.9,16.3,10.7,6.7,5.2,4.4,4.0,DR-1400-AR,1400,AR,DR,Severe Storm,SEVERE STORMS AND FLOODING,0,0,1,0,0,5,2003,1.148,1.9833333333333334,74.95,209.90833333333333,409.5,1362.0833333333333,219.48666666666668,223.85,0.17500000000000002,2.5833333333333335
01/2002,177.1,6.3,6.8,5.7,18.9,16.3,10.7,6.7,5.2,4.4,4.0,DR-1400-AR,1400,AR,DR,Severe Storm,SEVERE STORMS AND FLOODING,0,0,1,1,0,5,2003,1.148,1.9833333333333334,74.95,209.90833333333333,409.5,1362.0833333333333,219.48666666666668,223.85,0.17500000000000002,2.5833333333333335
01/2003,181.7,6.5,7.2,5.6,18.7,17.2,10.4,6.9,5.2,4.5,4.7,FM-2466-CA,2466,CA,FM,Fire,CA - WILDFIRE (PACIFIC FIRE) - 01-06-2003,0,0,1,0,0,6,3004,1.5,2.0749999999999997,77.57,218.04999999999998,438.5833333333333,1410.3333333333333,219.41333333333333,219.37666666666667,0.21666666666666667,3.25
01/2003,181.7,6.5,7.2,5.6,18.7,17.2,10.4,6.9,5.2,4.5,4.7,DR-1451-SC,1451,SC,DR,Severe Ice Storm,SEVERE ICE STORM,0,0,1,1,0,45,2157,1.5,2.0749999999999997,77.57,218.04999999999998,438.5833333333333,1410.3333333333333,219.41333333333333,219.37666666666667,0.21666666666666667,3.25
01/2003,181.7,6.5,7.2,5.6,18.7,17.2,10.4,6.9,5.2,4.5,4.7,DR-1450-AR,1450,AR,DR,Severe Ice Storm,SEVERE ICE STORM,0,0,1,0,0,5,2155,1.5,2.0749999999999997,77.57,218.04999999999998,438.5833333333333,1410.3333333333333,219.41333333333333,219.37666666666667,0.21666666666666667,3.25
01/2003,181.7,6.5,7.2,5.6,18.7,17.2,10.4,6.9,5.2,4.5,4.7,DR-1450-AR,1450,AR,DR,Severe Ice Storm,SEVERE ICE STORM,0,0,1,1,0,5,2155,1.5,2.0749999999999997,77.57,218.04999999999998,438.5833333333333,1410.3333333333333,219.41333333333333,219.37666666666667,0.21666666666666667,3.25
01/2003,181.7,6.5,7.2,5.6,18.7,17.2,10.4,6.9,5.2,4.5,4.7,DR-1449-FM,1449,FM,DR,Typhoon,TYPHOON PONGSONA,0,0,1,0,0,64,3001,1.5,2.0749999999999997,77.57,218.04999999999998,438.5833333333333,1410.3333333333333,219.41333333333333,219.37666666666667,0.21666666666666667,3.25
01/2004,185.2,6.3,6.7,5.8,18.4,16.9,10.7,6.6,5.0,4.5,4.1,EM-3194-ME,3194,ME,EM,Snowstorm,SNOW,0,0,1,0,0,23,4006,1.614,2.1666666666666665,80.97,224.04166666666666,471.9166666666667,1477.25,233.12666666666667,229.13,0.30833333333333335,4.0
01/2004,185.2,6.3,6.7,5.8,18.4,16.9,10.7,6.6,5.0,4.5,4.1,EM-3193-NH,3193,NH,EM,Snowstorm,SNOW,0,0,1,0,0,33,4003,1.614,2.1666666666666665,80.97,224.04166666666666,471.9166666666667,1477.25,233.12666666666667,229.13,0.30833333333333335,4.0
01/2004,185.2,6.3,6.7,5.8,18.4,16.9,10.7,6.6,5.0,4.5,4.1,EM-3192-CT,3192,CT,EM,Snowstorm,SNOW,0,0,1,0,0,9,4005,1.614,2.1666666666666665,80.97,224.04166666666666,471.9166666666667,1477.25,233.12666666666667,229.13,0.30833333333333335,4.0
01/2004,185.2,6.3,6.7,5.8,18.4,16.9,10.7,6.6,5.0,4.5,4.1,EM-3191-MA,3191,MA,EM,Snowstorm,SNOW,0,0,1,0,0,25,4004,1.614,2.1666666666666665,80.97,224.04166666666666,471.9166666666667,1477.25,233.12666666666667,229.13,0.30833333333333335,4.0
01/2004,185.2,6.3,6.7,5.8,18.4,16.9,10.7,6.6,5.0,4.5,4.1,EM-3190-ME,3190,ME,EM,Snowstorm,SNOW,0,0,1,0,0,23,3142,1.614,2.1666666666666665,80.97,224.04166666666666,471.9166666666667,1477.25,233.12666666666667,229.13,0.30833333333333335,4.0
01/2004,185.2,6.3,6.7,5.8,18.4,16.9,10.7,6.6,5.0,4.5,4.1,DR-1507-OH,1507,OH,DR,Severe Storm,"SEVERE STORMS, FLOODING, MUDSLIDES, AND LANDSLIDES",0,0,1,1,0,39,4008,1.614,2.1666666666666665,80.97,224.04166666666666,471.9166666666667,1477.25,233.12666666666667,229.13,0.30833333333333335,4.0
01/2004,185.2,6.3,6.7,5.8,18.4,16.9,10.7,6.6,5.0,4.5,4.1,DR-1507-OH,1507,OH,DR,Severe Storm,"SEVERE STORMS, FLOODING, MUDSLIDES, AND LANDSLIDES",1,1,0,1,0,39,4008,1.614,2.1666666666666665,80.97,224.04166666666666,471.9166666666667,1477.25,233.12666666666667,229.13,0.30833333333333335,4.0
01/2004,185.2,6.3,6.7,5.8,18.4,16.9,10.7,6.6,5.0,4.5,4.1,DR-1507-OH,1507,OH,DR,Severe Storm,"SEVERE STORMS, FLOODING, MUDSLIDES, AND LANDSLIDES",1,1,1,1,0,39,4008,1.614,2.1666666666666665,80.97,224.04166666666666,471.9166666666667,1477.25,233.12666666666667,229.13,0.30833333333333335,4.0
01/2004,185.2,6.3,6.7,5.8,18.4,16.9,10.7,6.6,5.0,4.5,4.1,DR-1506-AS,1506,AS,DR,Typhoon,"HIGH WINDS, HIGH SURF, AND HEAVY RAINFALL ASSOCIATED WITH TROPCIAL CYCLONE HETA",1,1,1,1,0,60,4002,1.614,2.1666666666666665,80.97,224.04166666666666,471.9166666666667,1477.25,233.12666666666667,229.13,0.30833333333333335,4.0
01/2004,185.2,6.3,6.7,5.8,18.4,16.9,10.7,6.6,5.0,4.5,4.1,DR-1505-CA,1505,CA,DR,Earthquake,EARTHQUAKE,0,0,1,1,0,6,4001,1.614,2.1666666666666665,80.97,224.04166666666666,471.9166666666667,1477.25,233.12666666666667,229.13,0.30833333333333335,4.0
01/2004,185.2,6.3,6.7,5.8,18.4,16.9,10.7,6.6,5.0,4.5,4.1,DR-1505-CA,1505,CA,DR,Earthquake,EARTHQUAKE,1,1,1,1,0,6,4001,1.614,2.1666666666666665,80.97,224.04166666666666,471.9166666666667,1477.25,233.12666666666667,229.13,0.30833333333333335,4.0
01/2005,190.7,5.7,6.2,5.2,18.8,15.2,10.5,5.8,4.5,4.0,3.9,EM-3198-OH,3198,OH,EM,Snowstorm,SNOW,0,0,1,0,0,39,5001,1.875,2.25,82.01,230.86666666666667,501.8333333333333,1537.8333333333333,242.84333333333333,229.79,0.425,4.916666666666667
01/2005,190.7,5.7,6.2,5.2,18.8,15.2,10.5,5.8,4.5,4.0,3.9,EM-3197-IN,3197,IN,EM,Snowstorm,SNOW,0,0,1,0,0,18,4138,1.875,2.25,82.01,230.86666666666667,501.8333333333333,1537.8333333333333,242.84333333333333,229.79,0.425,4.916666666666667
01/2005,190.7,5.7,6.2,5.2,18.8,15.2,10.5,5.8,4.5,4.0,3.9,DR-1573-IN,1573,IN,DR,Severe Storm,SEVERE WINTER STORMS AND FLOODING,0,0,1,1,0,18,5007,1.875,2.25,82.01,230.86666666666667,501.8333333333333,1537.8333333333333,242.84333333333333,229.79,0.425,4.916666666666667
01/2005,190.7,5.7,6.2,5.2,18.8,15.2,10.5,5.8,4.5,4.0,3.9,DR-1573-IN,1573,IN,DR,Severe Storm,SEVERE WINTER STORMS AND FLOODING,1,1,0,1,0,18,5007,1.875,2.25,82.01,230.86666666666667,501.8333333333333,1537.8333333333333,242.84333333333333,229.79,0.425,4.916666666666667
01/2005,190.7,5.7,6.2,5.2,18.8,15.2,10.5,5.8,4.5,4.0,3.9,DR-1573-IN,1573,IN,DR,Severe Storm,SEVERE WINTER STORMS AND FLOODING,1,1,1,1,0,18,5007,1.875,2.25,82.01,230.86666666666667,501.8333333333333,1537.8333333333333,242.84333333333333,229.79,0.425,4.916666666666667
01/2006,198.3,5.1,5.3,4.9,15.7,15.3,9.1,5.2,4.1,3.6,3.5,FM-2628-OK,2628,OK,FM,Fire,SPERRY FIRE,0,0,1,0,0,40,6058,2.36,2.316666666666667,82.48,239.11666666666667,530.5833333333334,1596.25,251.97333333333333,232.90666666666667,0.5583333333333333,6.166666666666667
01/2006,198.3,5.1,5.3,4.9,15.7,15.3,9.1,5.2,4.1,3.6,3.5,FM-2627-OK,2627,OK,FM,Fire,PAOLI FIRE,0,0,1,0,0,40,6060,2.36,2.316666666666667,82.48,239.11666666666667,530.5833333333334,1596.25,251.97333333333333,232.90666666666667,0.5583333333333333,6.166666666666667
01/2006,198.3,5.1,5.3,4.9,15.7,15.3,9.1,5.2,4.1,3.6,3.5,FM-2626-OK,2626,OK,FM,Fire,RYAN FIRE,0,0,1,0,0,40,6055,2.36,2.316666666666667,82.48,239.11666666666667,530.5833333333334,1596.25,251.97333333333333,232.90666666666667,0.5583333333333333,6.166666666666667
01/2006,198.3,5.1,5.3,4.9,15.7,15.3,9.1,5.2,4.1,3.6,3.5,FM-2625-OK,2625,OK,FM,Fire,KIEFER FIRE,0,0,1,0,0,40,6059,2.36,2.316666666666667,82.48,239.11666666666667,530.5833333333334,1596.25,251.97333333333333,232.90666666666667,0.5583333333333333,6.166666666666667
01/2006,198.3,5.1,5.3,4.9,15.7,15.3,9.1,5.2,4.1,3.6,3.5,FM-2624-OK,2624,OK,FM,Fire,STECKER FIRE,0,0,1,0,0,40,6056,2.36,2.316666666666667,82.48,239.11666666666667,530.5833333333334,1596.25,251.97333333333333,232.90666666666667,0.5583333333333333,6.166666666666667
01/2006,198.3,5.1,5.3,4.9,15.7,15.3,9.1,5.2,4.1,3.6,3.5,FM-2623-OK,2623,OK,FM,Fire,NORTH STILLWATER FIRE,0,0,1,0,0,40,6057,2.36,2.316666666666667,82.48,239.11666666666667,530.5833333333334,1596.25,251.97333333333333,232.90666666666667,0.5583333333333333,6.166666666666667
01/2006,198.3,5.1,5.3,4.9,15.7,15.3,9.1,5.2,4.1,3.6,3.5,FM-2622-TX,2622,TX,FM,Fire,ORCHARD FIRE,0,0,1,0,0,48,6042,2.36,2.316666666666667,82.48,239.11666666666667,530.5833333333334,1596.25,251.97333333333333,232.90666666666667,0.5583333333333333,6.166666666666667
01/2006,198.3,5.1,5.3,4.9,15.7,15.3,9.1,5.2,4.1,3.6,3.5,FM-2621-TX,2621,TX,FM,Fire,HUNTINGTON BROOK FIRE,0,0,1,0,0,48,6041,2.36,2.316666666666667,82.48,239.11666666666667,530.5833333333334,1596.25,251.97333333333333,232.90666666666667,0.5583333333333333,6.166666666666667
01/2006,198.3,5.1,5.3,4.9,15.7,15.3,9.1,5.2,4.1,3.6,3.5,FM-2620-TX,2620,TX,FM,Fire,CADDO FIRE,0,0,1,0,0,48,6038,2.36,2.316666666666667,82.48,239.11666666666667,530.5833333333334,1596.25,251.97333333333333,232.90666666666667,0.5583333333333333,6.166666666666667
01/2006,198.3,5.1,5.3,4.9,15.7,15.3,9.1,5.2,4.1,3.6,3.5,FM-2619-TX,2619,TX,FM,Fire,LOCKHART FIRE,0,0,1,0,0,48,6039,2.36,2.316666666666667,82.48,239.11666666666667,530.5833333333334,1596.25,251.97333333333333,232.90666666666667,0.5583333333333333,6.166666666666667
01/2006,198.3,5.1,5.3,4.9,15.7,15.3,9.1,5.2,4.1,3.6,3.5,FM-2618-OK,2618,OK,FM,Fire,RATCLIFF FIRE,0,0,1,0,0,40,6037,2.36,2.316666666666667,82.48,239.11666666666667,530.5833333333334,1596.25,251.97333333333333,232.90666666666667,0.5583333333333333,6.166666666666667
01/2006,198.3,5.1,5.3,4.9,15.7,15.3,9.1,5.2,4.1,3.6,3.5,FM-2617-TX,2617,TX,FM,Fire,NIEDERWALD FIRE,0,0,1,0,0,48,6032,2.36,2.316666666666667,82.48,239.11666666666667,530.5833333333334,1596.25,251.97333333333333,232.90666666666667,0.5583333333333333,6.166666666666667
01/2006,198.3,5.1,5.3,4.9,15.7,15.3,9.1,5.2,4.1,3.6,3.5,FM-2616-OK,2616,OK,FM,Fire,HENRYETTA FIRE,0,0,1,0,0,40,6025,2.36,2.316666666666667,82.48,239.11666666666667,530.5833333333334,1596.25,251.97333333333333,232.90666666666667,0.5583333333333333,6.166666666666667
01/2006,198.3,5.1,5.3,4.9,15.7,15.3,9.1,5.2,4.1,3.6,3.5,FM-2615-OK,2615,OK,FM,Fire,MCNALLY FLATS FIRE,0,0,1,0,0,40,6023,2.36,2.316666666666667,82.48,239.11666666666667,530.5833333333334,1596.25,251.97333333333333,232.90666666666667,0.5583333333333333,6.166666666666667
01/2006,198.3,5.1,5.3,4.9,15.7,15.3,9.1,5.2,4.1,3.6,3.5,FM-2614-TX,2614,TX,FM,Fire,HAWKINS FIRE,0,0,1,0,0,48,6033,2.36,2.316666666666667,82.48,239.11666666666667,530.5833333333334,1596.25,251.97333333333333,232.90666666666667,0.5583333333333333,6.166666666666667
01/2006,198.3,5.1,5.3,4.9,15.7,15.3,9.1,5.2,4.1,3.6,3.5,FM-2613-CO,2613,CO,FM,Fire,MAURICIO CANYON FIRE,0,0,1,0,0,8,6019,2.36,2.316666666666667,82.48,239.11666666666667,530.5833333333334,1596.25,251.97333333333333,232.90666666666667,0.5583333333333333,6.166666666666667
01/2006,198.3,5.1,5.3,4.9,15.7,15.3,9.1,5.2,4.1,3.6,3.5,FM-2612-TX,2612,TX,FM,Fire,CEDAR CREEK FIRE,0,0,1,0,0,48,6034,2.36,2.316666666666667,82.48,239.11666666666667,530.5833333333334,1596.25,251.97333333333333,232.90666666666667,0.5583333333333333,6.166666666666667
01/2006,198.3,5.1,5.3,4.9,15.7,15.3,9.1,5.2,4.1,3.6,3.5,FM-2611-TX,2611,TX,FM,Fire,MILL CREEK FIRE,0,0,1,0,0,48,6015,2.36,2.316666666666667,82.48,239.11666666666667,530.5833333333334,1596.25,251.97333333333333,232.90666666666667,0.5583333333333333,6.166666666666667
01/2006,198.3,5.1,5.3,4.9,15.7,15.3,9.1,5.2,4.1,3.6,3.5,FM-2610-TX,2610,TX,FM,Fire,ROSEWOOD FIRE,0,0,1,0,0,48,6017,2.36,2.316666666666667,82.48,239.11666666666667,530.5833333333334,1596.25,251.97333333333333,232.90666666666667,0.5583333333333333,6.166666666666667
01/2006,198.3,5.1,5.3,4.9,15.7,15.3,9.1,5.2,4.1,3.6,3.5,FM-2609-TX,2609,TX,FM,Fire,BULVERDE FIRE,0,0,1,0,0,48,6016,2.36,2.316666666666667,82.48,239.11666666666667,530.5833333333334,1596.25,251.97333333333333,232.90666666666667,0.5583333333333333,6.166666666666667
01/2006,198.3,5.1,5.3,4.9,15.7,15.3,9.1,5.2,4.1,3.6,3.5,FM-2608-OK,2608,OK,FM,Fire,EUFAULA FIRE,0,0,1,0,0,40,6012,2.36,2.316666666666667,82.48,239.11666666666667,530.5833333333334,1596.25,251.97333333333333,232.90666666666667,0.5583333333333333,6.166666666666667
01/2006,198.3,5.1,5.3,4.9,15.7,15.3,9.1,5.2,4.1,3.6,3.5,FM-2607-OK,2607,OK,FM,Fire,63RD STREET FIRE,0,0,1,0,0,40,6007,2.36,2.316666666666667,82.48,239.11666666666667,530.5833333333334,1596.25,251.97333333333333,232.90666666666667,0.5583333333333333,6.166666666666667
01/2006,198.3,5.1,5.3,4.9,15.7,15.3,9.1,5.2,4.1,3.6,3.5,FM-2606-OK,2606,OK,FM,Fire,PRAGUE FIRE,0,0,1,0,0,40,6026,2.36,2.316666666666667,82.48,239.11666666666667,530.5833333333334,1596.25,251.97333333333333,232.90666666666667,0.5583333333333333,6.166666666666667
01/2006,198.3,5.1,5.3,4.9,15.7,15.3,9.1,5.2,4.1,3.6,3.5,FM-2605-OK,2605,OK,FM,Fire,SAPULPA FIRE COMPLEX,0,0,1,0,0,40,6028,2.36,2.316666666666667,82.48,239.11666666666667,530.5833333333334,1596.25,251.97333333333333,232.90666666666667,0.5583333333333333,6.166666666666667
01/2006,198.3,5.1,5.3,4.9,15.7,15.3,9.1,5.2,4.1,3.6,3.5,FM-2604-OK,2604,OK,FM,Fire,GUTHRIE FIRE,0,0,1,0,0,40,6018,2.36,2.316666666666667,82.48,239.11666666666667,530.5833333333334,1596.25,251.97333333333333,232.90666666666667,0.5583333333333333,6.166666666666667
01/2006,198.3,5.1,5.3,4.9,15.7,15.3,9.1,5.2,4.1,3.6,3.5,FM-2603-OK,2603,OK,FM,Fire,CASHION FIRE COMPLEX,0,0,1,0,0,40,6011,2.36,2.316666666666667,82.48,239.11666666666667,530.5833333333334,1596.25,251.97333333333333,232.90666666666667,0.5583333333333333,6.166666666666667
01/2006,198.3,5.1,5.3,4.9,15.7,15.3,9.1,5.2,4.1,3.6,3.5,FM-2602-OK,2602,OK,FM,Fire,BETHEL ACRES FIRE,0,0,1,0,0,40,6005,2.36,2.316666666666667,82.48,239.11666666666667,530.5833333333334,1596.25,251.97333333333333,232.90666666666667,0.5583333333333333,6.166666666666667
01/2006,198.3,5.1,5.3,4.9,15.7,15.3,9.1,5.2,4.1,3.6,3.5,FM-2601-OK,2601,OK,FM,Fire,SHAMROCK FIRE COMPLEX,0,0,1,0,0,40,6004,2.36,2.316666666666667,82.48,239.11666666666667,530.5833333333334,1596.25,251.97333333333333,232.90666666666667,0.5583333333333333,6.166666666666667
01/2006,198.3,5.1,5.3,4.9,15.7,15.3,9.1,5.2,4.1,3.6,3.5,FM-2600-NM,2600,NM,FM,Fire,SOUTHEAST NEW MEXICO FIRE COMPLEX,0,0,1,0,0,35,6029,2.36,2.316666666666667,82.48,239.11666666666667,530.5833333333334,1596.25,251.97333333333333,232.90666666666667,0.5583333333333333,6.166666666666667
01/2006,198.3,5.1,5.3,4.9,15.7,15.3,9.1,5.2,4.1,3.6,3.5,FM-2599-OK,2599,OK,FM,Fire,WAINWRIGHT FIRE COMPLEX,0,0,1,0,0,40,6009,2.36,2.316666666666667,82.48,239.11666666666667,530.5833333333334,1596.25,251.97333333333333,232.90666666666667,0.5583333333333333,6.166666666666667
01/2006,198.3,5.1,5.3,4.9,15.7,15.3,9.1,5.2,4.1,3.6,3.5,FM-2598-TX,2598,TX,FM,Fire,RINGGOLD FIRE,0,0,1,0,0,48,6036,2.36,2.316666666666667,82.48,239.11666666666667,530.5833333333334,1596.25,251.97333333333333,232.90666666666667,0.5583333333333333,6.166666666666667
01/2006,198.3,5.1,5.3,4.9,15.7,15.3,9.1,5.2,4.1,3.6,3.5,FM-2597-OK,2597,OK,FM,Fire,DEPEW FIRE COMPLEX,0,0,1,0,0,40,6008,2.36,2.316666666666667,82.48,239.11666666666667,530.5833333333334,1596.25,251.97333333333333,232.90666666666667,0.5583333333333333,6.166666666666667
01/2006,198.3,5.1,5.3,4.9,15.7,15.3,9.1,5.2,4.1,3.6,3.5,FM-2596-TX,2596,TX,FM,Fire,CARBON FIRE,0,0,1,0,0,48,6013,2.36,2.316666666666667,82.48,239.11666666666667,530.5833333333334,1596.25,251.97333333333333,232.90666666666667,0.5583333333333333,6.166666666666667
01/2006,198.3,5.1,5.3,4.9,15.7,15.3,9.1,5.2,4.1,3.6,3.5,DR-1627-NE,1627,NE,DR,Severe Storm,SEVERE WINTER STORM,0,0,1,1,0,31,5165,2.36,2.316666666666667,82.48,239.11666666666667,530.5833333333334,1596.25,251.97333333333333,232.90666666666667,0.5583333333333333,6.166666666666667
01/2006,198.3,5.1,5.3,4.9,15.7,15.3,9.1,5.2,4.1,3.6,3.5,DR-1626-KS,1626,KS,DR,Severe Storm,SEVERE WINTER STORM,0,0,1,1,0,20,5167,2.36,2.316666666666667,82.48,239.11666666666667,530.5833333333334,1596.25,251.97333333333333,232.90666666666667,0.5583333333333333,6.166666666666667
01/2006,198.3,5.1,5.3,4.9,15.7,15.3,9.1,5.2,4.1,3.6,3.5,DR-1625-SC,1625,SC,DR,Severe Ice Storm,SEVERE ICE STORM,0,0,1,1,0,45,5169,2.36,2.316666666666667,82.48,239.11666666666667,530.5833333333334,1596.25,251.97333333333333,232.90666666666667,0.5583333333333333,6.166666666666667
01/2006,198.3,5.1,5.3,4.9,15.7,15.3,9.1,5.2,4.1,3.6,3.5,DR-1624-TX,1624,TX,DR,Fire,EXTREME WILDFIRE THREAT,0,0,1,1,0,48,6021,2.36,2.316666666666667,82.48,239.11666666666667,530.5833333333334,1596.25,251.97333333333333,232.90666666666667,0.5583333333333333,6.166666666666667
01/2006,198.3,5.1,5.3,4.9,15.7,15.3,9.1,5.2,4.1,3.6,3.5,DR-1624-TX,1624,TX,DR,Fire,EXTREME WILDFIRE THREAT,1,1,1,1,0,48,6021,2.36,2.316666666666667,82.48,239.11666666666667,530.5833333333334,1596.25,251.97333333333333,232.90666666666667,0.5583333333333333,6.166666666666667
01/2006,198.3,5.1,5.3,4.9,15.7,15.3,9.1,5.2,4.1,3.6,3.5,DR-1623-OK,1623,OK,DR,Fire,EXTREME WILDFIRE THREAT,0,0,1,1,0,40,6020,2.36,2.316666666666667,82.48,239.11666666666667,530.5833333333334,1596.25,251.97333333333333,232.90666666666667,0.5583333333333333,6.166666666666667
01/2006,198.3,5.1,5.3,4.9,15.7,15.3,9.1,5.2,4.1,3.6,3.5,DR-1623-OK,1623,OK,DR,Fire,EXTREME WILDFIRE THREAT,1,1,1,1,0,40,6020,2.36,2.316666666666667,82.48,239.11666666666667,530.5833333333334,1596.25,251.97333333333333,232.90666666666667,0.5583333333333333,6.166666666666667
01/2006,198.3,5.1,5.3,4.9,15.7,15.3,9.1,5.2,4.1,3.6,3.5,DR-1622-MN,1622,MN,DR,Severe Storm,SEVERE WINTER STORM,0,0,1,0,0,27,6001,2.36,2.316666666666667,82.48,239.11666666666667,530.5833333333334,1596.25,251.97333333333333,232.90666666666667,0.5583333333333333,6.166666666666667
01/2006,198.3,5.1,5.3,4.9,15.7,15.3,9.1,5.2,4.1,3.6,3.5,DR-1621-ND,1621,ND,DR,Severe Storm,SEVERE WINTER STORM,0,0,1,1,0,38,5166,2.36,2.316666666666667,82.48,239.11666666666667,530.5833333333334,1596.25,251.97333333333333,232.90666666666667,0.5583333333333333,6.166666666666667
01/2007,202.416,5.0,5.4,4.6,15.9,14.6,9.0,5.4,3.8,3.4,3.7,EM-3272-OK,3272,OK,EM,Severe Ice Storm,SEVERE WINTER STORMS AND FLOODING,0,0,1,0,0,40,7786,2.289,2.408333333333333,82.29,244.9416666666667,553.6666666666666,1670.5,256.81333333333333,227.99333333333334,0.7666666666666666,7.833333333333333
01/2007,202.416,5.0,5.4,4.6,15.9,14.6,9.0,5.4,3.8,3.4,3.7,EM-3271-CO,3271,CO,EM,Snowstorm,SNOW,0,0,1,0,0,8,7784,2.289,2.408333333333333,82.29,244.9416666666667,553.6666666666666,1670.5,256.81333333333333,227.99333333333334,0.7666666666666666,7.833333333333333
01/2007,202.416,5.0,5.4,4.6,15.9,14.6,9.0,5.4,3.8,3.4,3.7,EM-3270-CO,3270,CO,EM,Snowstorm,SNOW,0,0,1,0,0,8,7783,2.289,2.408333333333333,82.29,244.9416666666667,553.6666666666666,1670.5,256.81333333333333,227.99333333333334,0.7666666666666666,7.833333333333333
01/2007,202.416,5.0,5.4,4.6,15.9,14.6,9.0,5.4,3.8,3.4,3.7,DR-1676-MO,1676,MO,DR,Severe Ice Storm,SEVERE WINTER STORMS AND FLOODING,0,0,1,1,0,29,7787,2.289,2.408333333333333,82.29,244.9416666666667,553.6666666666666,1670.5,256.81333333333333,227.99333333333334,0.7666666666666666,7.833333333333333
01/2007,202.416,5.0,5.4,4.6,15.9,14.6,9.0,5.4,3.8,3.4,3.7,DR-1675-KS,1675,KS,DR,Severe Storm,SEVERE WINTER STORM,0,0,1,1,0,20,7782,2.289,2.408333333333333,82.29,244.9416666666667,553.6666666666666,1670.5,256.81333333333333,227.99333333333334,0.7666666666666666,7.833333333333333
01/2007,202.416,5.0,5.4,4.6,15.9,14.6,9.0,5.4,3.8,3.4,3.7,DR-1674-NE,1674,NE,DR,Severe Storm,SEVERE WINTER STORMS,0,0,1,1,0,31,7781,2.289,2.408333333333333,82.29,244.9416666666667,553.6666666666666,1670.5,256.81333333333333,227.99333333333334,0.7666666666666666,7.833333333333333
01/2008,211.08,5.4,5.9,4.8,20.0,17.2,9.8,5.6,4.0,3.8,3.6,DR-1740-IN,1740,IN,DR,Severe Storm,SEVERE STORMS AND FLOODING,1,1,0,1,0,18,8004,3.095,2.4250000000000003,82.93,253.9333333333333,570.1666666666666,1701.8333333333333,266.8233333333333,226.96666666666667,1.3333333333333333,10.083333333333334
01/2008,211.08,5.4,5.9,4.8,20.0,17.2,9.8,5.6,4.0,3.8,3.6,DR-1740-IN,1740,IN,DR,Severe Storm,SEVERE STORMS AND FLOODING,1,1,1,1,0,18,8004,3.095,2.4250000000000003,82.93,253.9333333333333,570.1666666666666,1701.8333333333333,266.8233333333333,226.96666666666667,1.3333333333333333,10.083333333333334
01/2008,211.08,5.4,5.9,4.8,20.0,17.2,9.8,5.6,4.0,3.8,3.6,DR-1739-NE,1739,NE,DR,Severe Ice Storm,SEVERE WINTER STORM,0,0,1,1,0,31,7936,3.095,2.4250000000000003,82.93,253.9333333333333,570.1666666666666,1701.8333333333333,266.8233333333333,226.96666666666667,1.3333333333333333,10.083333333333334
01/2008,211.08,5.4,5.9,4.8,20.0,17.2,9.8,5.6,4.0,3.8,3.6,DR-1738-NV,1738,NV,DR,Severe Storm,SEVERE WINTER STORMS AND FLOODING,1,1,1,1,0,32,8001,3.095,2.4250000000000003,82.93,253.9333333333333,570.1666666666666,1701.8333333333333,266.8233333333333,226.96666666666667,1.3333333333333333,10.083333333333334
01/2008,211.08,5.4,5.9,4.8,20.0,17.2,9.8,5.6,4.0,3.8,3.6,DR-1737-IA,1737,IA,DR,Severe Ice Storm,SEVERE WINTER STORM,0,0,1,1,0,19,7935,3.095,2.4250000000000003,82.93,253.9333333333333,570.1666666666666,1701.8333333333333,266.8233333333333,226.96666666666667,1.3333333333333333,10.083333333333334
01/2009,211.143,8.5,9.7,7.0,20.8,21.7,13.5,9.2,7.4,6.7,5.9,EM-3303-MO,3303,MO,EM,Severe Ice Storm,SEVERE WINTER STORM,0,0,1,0,0,29,9012,1.84,2.3916666666666666,81.26,246.32500000000002,580.6666666666666,1688.75,270.4166666666667,225.17,1.9166666666666667,13.25
01/2009,211.143,8.5,9.7,7.0,20.8,21.7,13.5,9.2,7.4,6.7,5.9,EM-3302-KY,3302,KY,EM,Severe Ice Storm,SEVERE WINTER STORM,0,0,1,0,0,21,9010,1.84,2.3916666666666666,81.26,246.32500000000002,580.6666666666666,1688.75,270.4166666666667,225.17,1.9166666666666667,13.25
01/2009,211.143,8.5,9.7,7.0,20.8,21.7,13.5,9.2,7.4,6.7,5.9,EM-3301-AR,3301,AR,EM,Severe Ice Storm,SEVERE WINTER STORM,0,0,1,0,0,5,9009,1.84,2.3916666666666666,81.26,246.32500000000002,580.6666666666666,1688.75,270.4166666666667,225.17,1.9166666666666667,13.25
01/2009,211.143,8.5,9.7,7.0,20.8,21.7,13.5,9.2,7.4,6.7,5.9,EM-3300-DC,3300,DC,EM,Other,56TH PRESIDENTIAL INAUGURATION,0,0,1,0,0,11,9005,1.84,2.3916666666666666,81.26,246.32500000000002,580.6666666666666,1688.75,270.4166666666667,225.17,1.9166666666666667,13.25
01/2009,211.143,8.5,9.7,7.0,20.8,21.7,13.5,9.2,7.4,6.7,5.9,FM-2793-CO,2793,CO,FM,Fire,OLDE STAGE FIRE,0,0,1,0,0,8,9004,1.84,2.3916666666666666,81.26,246.32500000000002,580.6666666666666,1688.75,270.4166666666667,225.17,1.9166666666666667,13.25
01/2009,211.143,8.5,9.7,7.0,20.8,21.7,13.5,9.2,7.4,6.7,5.9,DR-1817-WA,1817,WA,DR,Flood,"SEVERE WINTER STORM, LANDSLIDES, MUDSLIDES, AND FLOODING",0,0,1,1,0,53,9007,1.84,2.3916666666666666,81.26,246.32500000000002,580.6666666666666,1688.75,270.4166666666667,225.17,1.9166666666666667,13.25
01/2009,211.143,8.5,9.7,7.0,20.8,21.7,13.5,9.2,7.4,6.7,5.9,DR-1817-WA,1817,WA,DR,Flood,"SEVERE WINTER STORM, LANDSLIDES, MUDSLIDES, AND FLOODING",1,0,0,1,0,53,9007,1.84,2.3916666666666666,81.26,246.32500000000002,580.6666666666666,1688.75,270.4166666666667,225.17,1.9166666666666667,13.25
01/2009,211.143,8.5,9.7,7.0,20.8,21.7,13.5,9.2,7.4,6.7,5.9,DR-1817-WA,1817,WA,DR,Flood,"SEVERE WINTER STORM, LANDSLIDES, MUDSLIDES, AND FLOODING",1,0,1,1,0,53,9007,1.84,2.3916666666666666,81.26,246.32500000000002,580.6666666666666,1688.75,270.4166666666667,225.17,1.9166666666666667,13.25
01/2009,211.143,8.5,9.7,7.0,20.8,21.7,13.5,9.2,7.4,6.7,5.9,DR-1816-VT,1816,VT,DR,Severe Ice Storm,SEVERE WINTER STORM,0,0,1,1,0,50,9003,1.84,2.3916666666666666,81.26,246.32500000000002,580.6666666666666,1688.75,270.4166666666667,225.17,1.9166666666666667,13.25
01/2009,211.143,8.5,9.7,7.0,20.8,21.7,13.5,9.2,7.4,6.7,5.9,DR-1815-ME,1815,ME,DR,Severe Storm,SEVERE WINTER STORM AND FLOODING,0,0,1,1,0,23,9001,1.84,2.3916666666666666,81.26,246.32500000000002,580.6666666666666,1688.75,270.4166666666667,225.17,1.9166666666666667,13.25
01/2009,211.143,8.5,9.7,7.0,20.8,21.7,13.5,9.2,7.4,6.7,5.9,DR-1814-HI,1814,HI,DR,Flood,SEVERE STORMS AND FLOODING,0,0,1,1,0,15,9002,1.84,2.3916666666666666,81.26,246.32500000000002,580.6666666666666,1688.75,270.4166666666667,225.17,1.9166666666666667,13.25
01/2009,211.143,8.5,9.7,7.0,20.8,21.7,13.5,9.2,7.4,6.7,5.9,DR-1814-HI,1814,HI,DR,Flood,SEVERE STORMS AND FLOODING,1,0,1,1,0,15,9002,1.84,2.3916666666666666,81.26,246.32500000000002,580.6666666666666,1688.75,270.4166666666667,225.17,1.9166666666666667,13.25
01/2009,211.143,8.5,9.7,7.0,20.8,21.7,13.5,9.2,7.4,6.7,5.9,DR-1813-MA,1813,MA,DR,Severe Ice Storm,SEVERE WINTER STORM AND FLOODING,0,0,1,1,0,25,8185,1.84,2.3916666666666666,81.26,246.32500000000002,580.6666666666666,1688.75,270.4166666666667,225.17,1.9166666666666667,13.25
01/2009,211.143,8.5,9.7,7.0,20.8,21.7,13.5,9.2,7.4,6.7,5.9,DR-1812-NH,1812,NH,DR,Severe Ice Storm,SEVERE WINTER STORM,0,0,1,1,0,33,8184,1.84,2.3916666666666666,81.26,246.32500000000002,580.6666666666666,1688.75,270.4166666666667,225.17,1.9166666666666667,13.25
01/2010,216.687,10.6,12.3,8.5,26.8,26.9,17.1,11.0,9.4,8.5,7.5,EM-3308-OK,3308,OK,EM,Severe Storm,SEVERE WINTER STORM,0,0,1,0,0,40,10005,2.769,2.533333333333333,83.29,262.56666666666666,612.8333333333334,1797.5583333333334,285.59666666666664,229.64333333333332,3.3333333333333335,16.5
01/2010,216.687,10.6,12.3,8.5,26.8,26.9,17.1,11.0,9.4,8.5,7.5,EM-3307-AZ,3307,AZ,EM,Severe Storm,SEVERE WINTER STORM,0,0,1,0,0,4,10003,2.769,2.533333333333333,83.29,262.56666666666666,612.8333333333334,1797.5583333333334,285.59666666666664,229.64333333333332,3.3333333333333335,16.5
01/2011,220.223,9.8,10.8,8.6,26.5,26.3,16.3,10.1,8.1,7.9,7.3,DR-1952-CA,1952,CA,DR,Flood,"SEVERE WINTER STORMS, FLOODING, AND DEBRIS AND MUD FLOWS",0,0,1,1,0,6,11002,3.148,2.6083333333333334,84.04,271.5,652.75,1854.75,290.21666666666664,219.74333333333334,5.833333333333333,19.833333333333332
01/2012,226.665,8.8,9.3,8.3,28.1,22.4,14.2,9.6,7.5,6.9,6.4,DR-4051-MA,4051,MA,DR,Severe Storm,SEVERE STORM AND SNOWSTORM,0,0,1,1,0,25,11268,3.44,2.6333333333333333,86.26,277.23333333333335,661.3333333333334,1900.5249999999999,304.59,205.15,8.416666666666666,23.583333333333332
01/2012,226.665,8.8,9.3,8.3,28.1,22.4,14.2,9.6,7.5,6.9,6.4,FM-2974-NV,2974,NV,FM,Fire,WASHOE FIRE,0,0,1,0,0,32,12001,3.44,2.6333333333333333,86.26,277.23333333333335,661.3333333333334,1900.5249999999999,304.59,205.15,8.416666666666666,23.583333333333332
01/2013,230.28,8.5,9.0,7.9,28.2,22.2,15.3,8.3,7.1,6.5,6.5,DR-4100-AR,4100,AR,DR,Severe Ice Storm,SEVERE WINTER STORM,0,0,1,1,0,5,13001,3.391,2.6833333333333336,86.67,280.5083333333333,664.6666666666666,1952.9333333333334,315.11333333333334,206.72666666666666,11.5,26.583333333333332
01/2013,230.28,8.5,9.0,7.9,28.2,22.2,15.3,8.3,7.1,6.5,6.5,DR-4099-PA,4099,PA,DR,Hurricane,HURRICANE SANDY,0,0,1,1,0,42,12126,3.391,2.6833333333333336,86.67,280.5083333333333,664.6666666666666,1952.9333333333334,315.11333333333334,206.72666666666666,11.5,26.583333333333332
01/2013,230.28,8.5,9.0,7.9,28.2,22.2,15.3,8.3,7.1,6.5,6.5,DR-4098-OH,4098,OH,DR,Hurricane,SEVERE STORMS AND FLOODING DUE TO THE REMNANTS OF HURRICANE SANDY,0,0,1,1,0,39,12128,3.391,2.6833333333333336,86.67,280.5083333333333,664.6666666666666,1952.9333333333334,315.11333333333334,206.72666666666666,11.5,26.583333333333332
01/2014,233.916,7.0,7.5,6.5,21.1,21.0,12.9,7.3,5.5,5.5,4.9,FM-5051-CA,5051,CA,FM,Fire,COLBY FIRE,0,0,1,0,0,6,14005,3.392,2.6916666666666664,88.83,286.4916666666667,661.5833333333334,2002.6416666666667,322.5566666666667,210.83333333333334,14.833333333333334,30.833333333333332
01/2014,233.916,7.0,7.5,6.5,21.1,21.0,12.9,7.3,5.5,5.5,4.9,DR-4164-OK,4164,OK,DR,Severe Storm,SEVERE WINTER STORM,0,0,1,1,0,40,14006,3.392,2.6916666666666664,88.83,286.4916666666667,661.5833333333334,2002.6416666666667,322.5566666666667,210.83333333333334,14.833333333333334,30.833333333333332
01/2014,233.916,7.0,7.5,6.5,21.1,21.0,12.9,7.3,5.5,5.5,4.9,DR-4163-VT,4163,VT,DR,Severe Ice Storm,SEVERE WINTER STORMS,0,0,1,1,0,50,14008,3.392,2.6916666666666664,88.83,286.4916666666667,661.5833333333334,2002.6416666666667,322.5566666666667,210.83333333333334,14.833333333333334,30.833333333333332
01/2014,233.916,7.0,7.5,6.5,21.1,21.0,12.9,7.3,5.5,5.5,4.9,DR-4162-AK,4162,AK,DR,Severe Storm,"SEVERE STORMS, STRAIGHT-LINE WINDS, AND FLOODING",0,0,1,1,0,2,14002,3.392,2.6916666666666664,88.83,286.4916666666667,661.5833333333334,2002.6416666666667,322.5566666666667,210.83333333333334,14.833333333333334,30.833333333333332
01/2014,233.916,7.0,7.5,6.5,21.1,21.0,12.9,7.3,5.5,5.5,4.9,DR-4161-AK,4161,AK,DR,Flood,FLOODING,0,0,1,1,0,2,14003,3.392,2.6916666666666664,88.83,286.4916666666667,661.5833333333334,2002.6416666666667,322.5566666666667,210.83333333333334,14.833333333333334,30.833333333333332
01/2014,233.916,7.0,7.5,6.5,21.1,21.0,12.9,7.3,5.5,5.5,4.9,DR-4160-AR,4160,AR,DR,Severe Ice Storm,SEVERE WINTER STORM,0,0,1,1,0,5,13101,3.392,2.6916666666666664,88.83,286.4916666666667,661.5833333333334,2002.6416666666667,322.5566666666667,210.83333333333334,14.833333333333334,30.833333333333332
01/2014,233.916,7.0,7.5,6.5,21.1,21.0,12.9,7.3,5.5,5.5,4.9,EM-3366-WV,3366,WV,EM,Chemical,CHEMICAL SPILL,0,0,1,0,0,54,14001,3.392,2.6916666666666664,88.83,286.4916666666667,661.5833333333334,2002.6416666666667,322.5566666666667,210.83333333333334,14.833333333333334,30.833333333333332
01/2015,233.707,6.1,6.5,5.6,19.1,19.3,10.6,6.4,4.9,4.5,4.5,DR-4206-CA,4206,CA,DR,Flood,"SEVERE STORMS, FLOODING, AND MUDSLIDES",0,0,1,1,1,6,15002,2.208,2.6833333333333336,91.63,292.64166666666665,639.0833333333334,2022.5416666666667,322.84999999999997,213.69333333333336,19.166666666666668,36.083333333333336
01/2015,233.707,6.1,6.5,5.6,19.1,19.3,10.6,6.4,4.9,4.5,4.5,DR-4205-MS,4205,MS,DR,Tornado,SEVERE STORMS AND TORNADOES,0,0,1,1,0,28,14100,2.208,2.6833333333333336,91.63,292.64166666666665,639.0833333333334,2022.5416666666667,322.84999999999997,213.69333333333336,19.166666666666668,36.083333333333336
01/2016,236.916,5.3,5.5,5.1,17.4,16.0,8.8,5.5,4.4,3.9,4.0,FM-5118-OK,5118,OK,FM,Fire,OAK GROVE FIRE,0,0,1,0,0,40,16013,2.057,2.6833333333333336,91.99,296.0083333333333,607.75,2076.266666666667,334.87666666666667,216.77333333333334,25.666666666666668,40.666666666666664
01/2016,236.916,5.3,5.5,5.1,17.4,16.0,8.8,5.5,4.4,3.9,4.0,DR-4251-AL,4251,AL,DR,Severe Storm,"SEVERE STORMS, TORNADOES, STRAIGHT-LINE WINDS, AND FLOODING",0,0,1,1,0,1,16003,2.057,2.6833333333333336,91.99,296.0083333333333,607.75,2076.266666666667,334.87666666666667,216.77333333333334,25.666666666666668,40.666666666666664
01/2016,236.916,5.3,5.5,5.1,17.4,16.0,8.8,5.5,4.4,3.9,4.0,DR-4250-MO,4250,MO,DR,Flood,"SEVERE STORMS, TORNADOES, STRAIGHT-LINE WINDS, AND FLOODING",0,0,1,1,0,29,16005,2.057,2.6833333333333336,91.99,296.0083333333333,607.75,2076.266666666667,334.87666666666667,216.77333333333334,25.666666666666668,40.666666666666664
01/2016,236.916,5.3,5.5,5.1,17.4,16.0,8.8,5.5,4.4,3.9,4.0,DR-4250-MO,4250,MO,DR,Flood,"SEVERE STORMS, TORNADOES, STRAIGHT-LINE WINDS, AND FLOODING",1,0,0,1,0,29,16005,2.057,2.6833333333333336,91.99,296.0083333333333,607.75,2076.266666666667,334.87666666666667,216.77333333333334,25.666666666666668,40.666666666666664
01/2016,236.916,5.3,5.5,5.1,17.4,16.0,8.8,5.5,4.4,3.9,4.0,DR-4250-MO,4250,MO,DR,Flood,"SEVERE STORMS, TORNADOES, STRAIGHT-LINE WINDS, AND FLOODING",1,0,1,1,0,29,16005,2.057,2.6833333333333336,91.99,296.0083333333333,607.75,2076.266666666667,334.87666666666667,216.77333333333334,25.666666666666668,40.666666666666664
01/2016,236.916,5.3,5.5,5.1,17.4,16.0,8.8,5.5,4.4,3.9,4.0,DR-4249-WA,4249,WA,DR,Severe Storm,"SEVERE STORMS, STRAIGHT-LINE WINDS, FLOODING, LANDSLIDES, AND MUDSLIDES",0,0,1,1,0,53,16002,2.057,2.6833333333333336,91.99,296.0083333333333,607.75,2076.266666666667,334.87666666666667,216.77333333333334,25.666666666666668,40.666666666666664
01/2016,236.916,5.3,5.5,5.1,17.4,16.0,8.8,5.5,4.4,3.9,4.0,EM-3375-MI,3375,MI,EM,Toxic Substances,CONTAMINATED WATER,0,0,1,0,0,26,16004,2.057,2.6833333333333336,91.99,296.0083333333333,607.75,2076.266666666667,334.87666666666667,216.77333333333334,25.666666666666668,40.666666666666664
01/2016,236.916,5.3,5.5,5.1,17.4,16.0,8.8,5.5,4.4,3.9,4.0,EM-3374-MO,3374,MO,EM,Flood,"SEVERE STORMS, TORNADOES, STRAIGHT-LINE WINDS, AND FLOODING",0,0,1,0,0,29,16001,2.057,2.6833333333333336,91.99,296.0083333333333,607.75,2076.266666666667,334.87666666666667,216.77333333333334,25.666666666666668,40.666666666666664
01/2016,236.916,5.3,5.5,5.1,17.4,16.0,8.8,5.5,4.4,3.9,4.0,DR-4248-MS,4248,MS,DR,Severe Storm,"SEVERE STORMS, TORNADOES, STRAIGHT-LINE WINDS, AND FLOODING",0,0,1,0,0,28,15093,2.057,2.6833333333333336,91.99,296.0083333333333,607.75,2076.266666666667,334.87666666666667,216.77333333333334,25.666666666666668,40.666666666666664
01/2016,236.916,5.3,5.5,5.1,17.4,16.0,8.8,5.5,4.4,3.9,4.0,DR-4248-MS,4248,MS,DR,Severe Storm,"SEVERE STORMS, TORNADOES, STRAIGHT-LINE WINDS, AND FLOODING",0,0,1,1,0,28,15093,2.057,2.6833333333333336,91.99,296.0083333333333,607.75,2076.266666666667,334.87666666666667,216.77333333333334,25.666666666666668,40.666666666666664
01/2016,236.916,5.3,5.5,5.1,17.4,16.0,8.8,5.5,4.4,3.9,4.0,DR-4248-MS,4248,MS,DR,Severe Storm,"SEVERE STORMS, TORNADOES, STRAIGHT-LINE WINDS, AND FLOODING",1,0,1,1,0,28,15093,2.057,2.6833333333333336,91.99,296.0083333333333,607.75,2076.266666666667,334.87666666666667,216.77333333333334,25.666666666666668,40.666666666666664
01/2017,242.839,5.1,5.4,4.9,15.2,15.5,9.0,5.4,4.4,3.6,3.8,DR-4297-GA,4297,GA,DR,Tornado,"SEVERE STORMS, TORNADOES, STRAIGHT-LINE WINDS, AND FLOODING",0,0,1,1,0,13,17007,2.458,2.725,92.57,306.34999999999997,628.75,2135.3250000000003,336.82,218.67999999999998,33.916666666666664,45.0
01/2017,242.839,5.1,5.4,4.9,15.2,15.5,9.0,5.4,4.4,3.6,3.8,DR-4297-GA,4297,GA,DR,Tornado,"SEVERE STORMS, TORNADOES, STRAIGHT-LINE WINDS, AND FLOODING",1,0,1,1,0,13,17007,2.458,2.725,92.57,306.34999999999997,628.75,2135.3250000000003,336.82,218.67999999999998,33.916666666666664,45.0
01/2017,242.839,5.1,5.4,4.9,15.2,15.5,9.0,5.4,4.4,3.6,3.8,DR-4296-OR,4296,OR,DR,Severe Storm,SEVERE WINTER STORM AND FLOODING,0,0,1,1,0,41,17003,2.458,2.725,92.57,306.34999999999997,628.75,2135.3250000000003,336.82,218.67999999999998,33.916666666666664,45.0
01/2017,242.839,5.1,5.4,4.9,15.2,15.5,9.0,5.4,4.4,3.6,3.8,DR-4295-MS,4295,MS,DR,Tornado,"SEVERE STORMS, TORNADOES, STRAIGHT-LINE WINDS, AND FLOODING",1,0,0,1,0,28,17006,2.458,2.725,92.57,306.34999999999997,628.75,2135.3250000000003,336.82,218.67999999999998,33.916666666666664,45.0
01/2017,242.839,5.1,5.4,4.9,15.2,15.5,9.0,5.4,4.4,3.6,3.8,DR-4295-MS,4295,MS,DR,Tornado,"SEVERE STORMS, TORNADOES, STRAIGHT-LINE WINDS, AND FLOODING",1,0,1,1,0,28,17006,2.458,2.725,92.57,306.34999999999997,628.75,2135.3250000000003,336.82,218.67999999999998,33.916666666666664,45.0
01/2017,242.839,5.1,5.4,4.9,15.2,15.5,9.0,5.4,4.4,3.6,3.8,DR-4294-GA,4294,GA,DR,Severe Storm,"SEVERE STORMS, TORNADOES, AND STRAIGHT-LINE WINDS",0,0,1,1,0,13,17002,2.458,2.725,92.57,306.34999999999997,628.75,2135.3250000000003,336.82,218.67999999999998,33.916666666666664,45.0
01/2017,242.839,5.1,5.4,4.9,15.2,15.5,9.0,5.4,4.4,3.6,3.8,DR-4294-GA,4294,GA,DR,Severe Storm,"SEVERE STORMS, TORNADOES, AND STRAIGHT-LINE WINDS",1,0,1,1,0,13,17002,2.458,2.725,92.57,306.34999999999997,628.75,2135.3250000000003,336.82,218.67999999999998,33.916666666666664,45.0
01/2018,247.867,4.5,4.8,4.2,14.6,14.5,8.2,4.7,3.5,3.3,3.3,DR-4355-NH,4355,NH,DR,Severe Storm,SEVERE STORM AND FLOODING,0,0,1,1,0,33,18003,2.671,2.7916666666666665,94.85,321.075,652.25,2221.5916666666667,352.5833333333333,225.03833333333333,42.333333333333336,49.333333333333336
01/2018,247.867,4.5,4.8,4.2,14.6,14.5,8.2,4.7,3.5,3.3,3.3,DR-4354-ME,4354,ME,DR,Severe Storm,SEVERE STORM AND FLOODING,0,0,1,1,0,23,18002,2.671,2.7916666666666665,94.85,321.075,652.25,2221.5916666666667,352.5833333333333,225.03833333333333,42.333333333333336,49.333333333333336
01/2018,247.867,4.5,4.8,4.2,14.6,14.5,8.2,4.7,3.5,3.3,3.3,DR-4353-CA,4353,CA,DR,Fire,"WILDFIRES, FLOODING, MUDFLOWS, AND DEBRIS FLOWS",1,0,0,1,0,6,18001,2.671,2.7916666666666665,94.85,321.075,652.25,2221.5916666666667,352.5833333333333,225.03833333333333,42.333333333333336,49.333333333333336
01/2018,247.867,4.5,4.8,4.2,14.6,14.5,8.2,4.7,3.5,3.3,3.3,DR-4353-CA,4353,CA,DR,Fire,"WILDFIRES, FLOODING, MUDFLOWS, AND DEBRIS FLOWS",1,0,1,1,0,6,18001,2.671,2.7916666666666665,94.85,321.075,652.25,2221.5916666666667,352.5833333333333,225.03833333333333,42.333333333333336,49.333333333333336
01/2018,247.867,4.5,4.8,4.2,14.6,14.5,8.2,4.7,3.5,3.3,3.3,DR-4356-VT,4356,VT,DR,Severe Storm,SEVERE STORM AND FLOODING,0,0,1,1,0,50,18004,2.671,2.7916666666666665,94.85,321.075,652.25,2221.5916666666667,352.5833333333333,225.03833333333333,42.333333333333336,49.333333333333336
01/2019,251.712,4.4,4.7,4.1,14.6,13.3,8.6,4.4,3.3,3.3,3.5,DR-4413-AK,4413,AK,DR,Earthquake,EARTHQUAKE,1,0,1,1,0,2,19001,2.338,2.783333333333333,94.96,331.34999999999997,663.3333333333334,2250.0833333333335,357.8333333333333,233.02916666666667,52.416666666666664,54.25
01/2019,251.712,4.4,4.7,4.1,14.6,13.3,8.6,4.4,3.3,3.3,3.5,DR-4412-NC,4412,NC,DR,Hurricane,TROPICAL STORM MICHAEL,0,0,1,1,0,37,18135,2.338,2.783333333333333,94.96,331.34999999999997,663.3333333333334,2250.0833333333335,357.8333333333333,233.02916666666667,52.416666666666664,54.25
01/2020,257.971,4.0,4.2,3.7,11.2,14.1,7.6,4.2,3.1,2.7,2.9,DR-4475-ND,4475,ND,DR,Flood,FLOODING,0,0,1,1,0,38,19106,2.636,2.625,88.39,321.14166666666665,631.25,2240.75,364.1666666666667,224.49833333333333,64.43333333333334,62.0
01/2020,257.971,4.0,4.2,3.7,11.2,14.1,7.6,4.2,3.1,2.7,2.9,DR-4474-VT,4474,VT,DR,Severe Storm,SEVERE STORM AND FLOODING,0,0,1,1,0,50,20003,2.636,2.625,88.39,321.14166666666665,631.25,2240.75,364.1666666666667,224.49833333333333,64.43333333333334,62.0
01/2020,257.971,4.0,4.2,3.7,11.2,14.1,7.6,4.2,3.1,2.7,2.9,DR-4473-PR,4473,PR,DR,Earthquake,EARTHQUAKES,1,0,0,1,0,72,20002,2.636,2.625,88.39,321.14166666666665,631.25,2240.75,364.1666666666667,224.49833333333333,64.43333333333334,62.0
01/2020,257.971,4.0,4.2,3.7,11.2,14.1,7.6,4.2,3.1,2.7,2.9,DR-4473-PR,4473,PR,DR,Earthquake,EARTHQUAKES,1,0,1,1,0,72,20002,2.636,2.625,88.39,321.14166666666665,631.25,2240.75,364.1666666666667,224.49833333333333,64.43333333333334,62.0
01/2020,257.971,4.0,4.2,3.7,11.2,14.1,7.6,4.2,3.1,2.7,2.9,EM-3426-PR,3426,PR,EM,Earthquake,EARTHQUAKES,0,0,1,0,0,72,20001,2.636,2.625,88.39,321.14166666666665,631.25,2240.75,364.1666666666667,224.49833333333333,64.43333333333334,62.0
01/2021,261.582,6.8,7.1,6.5,15.2,15.9,10.8,7.2,6.1,5.2,5.6,DR-4581-CO,4581,CO,DR,Fire,WILDFIRES,0,0,1,1,0,8,20328,2.42,2.75,89.9,321.14166666666665,631.25,2372.1666666666665,354.1666666666667,233.35583333333332,78.25,69.75
01/2021,261.582,6.8,7.1,6.5,15.2,15.9,10.8,7.2,6.1,5.2,5.6,DR-4580-CT,4580,CT,DR,Hurricane,TROPICAL STORM ISAIAS,0,0,1,1,0,9,20306,2.42,2.75,89.9,321.14166666666665,631.25,2372.1666666666665,354.1666666666667,233.35583333333332,78.25,69.75
01/2021,261.582,6.8,7.1,6.5,15.2,15.9,10.8,7.2,6.1,5.2,5.6,DR-4579-GA,4579,GA,DR,Hurricane,TROPICAL STORM ZETA,0,0,1,1,0,13,20325,2.42,2.75,89.9,321.14166666666665,631.25,2372.1666666666665,354.1666666666667,233.35583333333332,78.25,69.75
01/2021,261.582,6.8,7.1,6.5,15.2,15.9,10.8,7.2,6.1,5.2,5.6,DR-4578-UT,4578,UT,DR,Severe Storm,STRAIGHT-LINE WINDS,0,0,1,1,0,49,20309,2.42,2.75,89.9,321.14166666666665,631.25,2372.1666666666665,354.1666666666667,233.35583333333332,78.25,69.75
01/2021,261.582,6.8,7.1,6.5,15.2,15.9,10.8,7.2,6.1,5.2,5.6,DR-4577-LA,4577,LA,DR,Hurricane,HURRICANE ZETA,0,0,1,1,0,22,21002,2.42,2.75,89.9,321.14166666666665,631.25,2372.1666666666665,354.1666666666667,233.35583333333332,78.25,69.75
01/2021,261.582,6.8,7.1,6.5,15.2,15.9,10.8,7.2,6.1,5.2,5.6,DR-4577-LA,4577,LA,DR,Hurricane,HURRICANE ZETA,1,0,1,1,0,22,21002,2.42,2.75,89.9,321.14166666666665,631.25,2372.1666666666665,354.1666666666667,233.35583333333332,78.25,69.75
01/2021,261.582,6.8,7.1,6.5,15.2,15.9,10.8,7.2,6.1,5.2,5.6,EM-3552-TN,3552,TN,EM,Other,EXPLOSION,0,0,1,0,0,47,20327,2.42,2.75,89.9,321.14166666666665,631.25,2372.1666666666665,354.1666666666667,233.35583333333332,78.25,69.75
01/2021,261.582,6.8,7.1,6.5,15.2,15.9,10.8,7.2,6.1,5.2,5.6,EM-3553-DC,3553,DC,EM,Other,59TH PRESIDENTIAL INAUGURATION,0,0,1,0,0,11,21001,2.42,2.75,89.9,321.14166666666665,631.25,2372.1666666666665,354.1666666666667,233.35583333333332,78.25,69.75
